пїњnama,alamat,telepon,latitude,longitude,deskripsi,jam_buka,foto,link_maps
Sanggar Tari Sekar Tunjung,"Jl. Simo Katrungan Kidul No.33, Banyu Urip, Kec. Sawahan, Surabaya, Jawa Timur 60524",0821-4367-5609,-7.2706115,112.7141571,,Senin (Hari Lahir Pancasila) 	 09.00вАУ20.00 Jam buka dapat berbeda 	 оЕН | Selasa 	 09.00вАУ20.00 	 оЕН | Rabu 	 09.00вАУ20.00 	 оЕН | Kamis 	 09.00вАУ20.00 	 оЕН | Jumat 	 Buka 24 jam 	 оЕН | Sabtu 	 12.00вАУ21.00 	 оЕН | Minggu 	 Buka 24 jam 	 оЕН | Senin(Hari Lahir Pancasila)08.00вАУ19.00 Jam buka dapat berbedaоЕН | Selasa08.00вАУ19.00оЕН | Rabu08.00вАУ19.00оЕН | Kamis08.00вАУ19.00оЕН | JumatBuka 24 jamоЕН | Sabtu08.00вАУ19.00оЕН | MingguBuka 24 jamоЕН,dataset_sanggar\foto_sanggar\Sanggar_Tari_Sekar_Tunjung\foto_1.jpg,https://www.google.com/maps/place/Sanggar+Tari+Sekar+Tunjung/data=!4m7!3m6!1s0x2dd7fda56a0d7d05:0xa8b40def32daa15b!8m2!3d-7.2706115!4d112.7141571!16s%2Fg%2F11f8h5z05t!19sChIJBX0NaqX91y0RW6HaMu8NtKg?authuser=0&hl=id&rclk=1
Marlupi Dance Academy cab Ngagel (MDA NGAGEL),"Jl. Ngagel Jaya Tengah No.2, Pucang Sewu, Kec. Gubeng, Surabaya, Jawa Timur 60283",0813-3535-1580,-7.2914482,112.7528804,,Senin (Hari Lahir Pancasila) 	 15.00вАУ19.30 Jam buka dapat berbeda 	 оЕН | Selasa 	 15.00вАУ19.30 	 оЕН | Rabu 	 15.00вАУ19.30 	 оЕН | Kamis 	 15.00вАУ19.30 	 оЕН | Jumat 	 15.00вАУ19.30 	 оЕН | Sabtu 	 09.00вАУ15.00 	 оЕН | Minggu 	 Tutup 	 оЕН,dataset_sanggar\foto_sanggar\Marlupi_Dance_Academy_cab_Ngagel_(MDA_NGAGEL)\foto_1.jpg | dataset_sanggar\foto_sanggar\Marlupi_Dance_Academy_cab_Ngagel_(MDA_NGAGEL)\foto_2.jpg | dataset_sanggar\foto_sanggar\Marlupi_Dance_Academy_cab_Ngagel_(MDA_NGAGEL)\foto_3.jpg | dataset_sanggar\foto_sanggar\Marlupi_Dance_Academy_cab_Ngagel_(MDA_NGAGEL)\foto_4.jpg | dataset_sanggar\foto_sanggar\Marlupi_Dance_Academy_cab_Ngagel_(MDA_NGAGEL)\foto_5.jpg,https://www.google.com/maps/place/Marlupi+Dance+Academy+cab+Ngagel+%28MDA+NGAGEL%29/data=!4m7!3m6!1s0x2dd7fbb6e85de033:0xc7d8f2c40cce5b7f!8m2!3d-7.2914482!4d112.7528804!16s%2Fg%2F1ptzm0w5f!19sChIJM-Bd6Lb71y0Rf1vODMTy2Mc?authuser=0&hl=id&rclk=1
Sanggar Tari Arbaya,"Jl. Gubernur Suryo No.11, RT.000/RW.00, Embong Kaliasin, Kec. Genteng, Surabaya, Jawa Timur 60271",0896-9029-4600,-7.2637474,112.7448196,,Senin (Hari Lahir Pancasila) 	 08.00вАУ21.00 Jam buka dapat berbeda 	 оЕН | Selasa 	 08.00вАУ21.00 	 оЕН | Rabu 	 08.00вАУ21.00 	 оЕН | Kamis 	 08.00вАУ21.00 	 оЕН | Jumat 	 08.00вАУ21.00 	 оЕН | Sabtu 	 Buka 24 jam 	 оЕН | Minggu 	 Tutup 	 оЕН,dataset_sanggar\foto_sanggar\Sanggar_Tari_Arbaya\foto_1.jpg | dataset_sanggar\foto_sanggar\Sanggar_Tari_Arbaya\foto_2.jpg | dataset_sanggar\foto_sanggar\Sanggar_Tari_Arbaya\foto_3.jpg | dataset_sanggar\foto_sanggar\Sanggar_Tari_Arbaya\foto_4.jpg | dataset_sanggar\foto_sanggar\Sanggar_Tari_Arbaya\foto_5.jpg,https://www.google.com/maps/place/Sanggar+Tari+Arbaya/data=!4m7!3m6!1s0x2dd7f9cb95807085:0x901331ff775eb087!8m2!3d-7.2637474!4d112.7448196!16s%2Fg%2F11j02zp8mf!19sChIJhXCAlcv51y0Rh7Bed_8xE5A?authuser=0&hl=id&rclk=1
Sanggar tari prastika surabaya,"Kantor Kelurahan Kebraon, Jalan Griya Kebraon No. 1, Kebraon, Karang Pilang, Kebraon, Kec. Karangpilang, Surabaya, Jawa Timur 60222",0821-3971-8788,-7.333299,112.6990387,,,dataset_sanggar\foto_sanggar\Sanggar_tari_prastika_surabaya\foto_1.jpg | dataset_sanggar\foto_sanggar\Sanggar_tari_prastika_surabaya\foto_2.jpg | dataset_sanggar\foto_sanggar\Sanggar_tari_prastika_surabaya\foto_3.jpg | dataset_sanggar\foto_sanggar\Sanggar_tari_prastika_surabaya\foto_4.jpg | dataset_sanggar\foto_sanggar\Sanggar_tari_prastika_surabaya\foto_5.jpg,https://www.google.com/maps/place/Sanggar+tari+prastika+surabaya/data=!4m7!3m6!1s0x2dd7fcbc41aebbbf:0xc28b268141d93e79!8m2!3d-7.333299!4d112.6990387!16s%2Fg%2F11c6cfwcy8!19sChIJv7uuQbz81y0ReT7ZQYEmi8I?authuser=0&hl=id&rclk=1
Dojo Ngagel Surabaya,"Ngagel Madya Surabaya, (seberang Gereja Katolik SMTB) Indonesia, Baratajaya, Kec. Gubeng, Jawa Timur, 60284",0878-5451-7771,-7.2888427,112.7598657,,Senin (Hari Lahir Pancasila) 	 07.00вАУ22.00 Jam buka dapat berbeda 	 оЕН | Selasa 	 07.00вАУ22.00 	 оЕН | Rabu 	 07.00вАУ22.00 	 оЕН | Kamis 	 07.00вАУ22.00 	 оЕН | Jumat 	 07.00вАУ22.00 	 оЕН | Sabtu 	 07.00вАУ22.00 	 оЕН | Minggu 	 07.00вАУ22.00 	 оЕН,dataset_sanggar\foto_sanggar\Dojo_Ngagel_Surabaya\foto_1.jpg | dataset_sanggar\foto_sanggar\Dojo_Ngagel_Surabaya\foto_2.jpg | dataset_sanggar\foto_sanggar\Dojo_Ngagel_Surabaya\foto_3.jpg | dataset_sanggar\foto_sanggar\Dojo_Ngagel_Surabaya\foto_4.jpg | dataset_sanggar\foto_sanggar\Dojo_Ngagel_Surabaya\foto_5.jpg,https://www.google.com/maps/place/Dojo+Ngagel+Surabaya/data=!4m7!3m6!1s0x2dd7fbb4558d4f17:0xb632da5d7af61313!8m2!3d-7.2888427!4d112.7598657!16s%2Fg%2F1hc4b49vd!19sChIJF0-NVbT71y0RExP2el3aMrY?authuser=0&hl=id&rclk=1
Sanggar mimi 2,"Jl. Jagir Sidomukti Lebar No.11, Jagir, Kec. Wonokromo, Surabaya, Jawa Timur 60244",0895-4104-68786,-7.3031464,112.7475949,,Senin (Hari Lahir Pancasila) 	 08.00вАУ22.00 Jam buka dapat berbeda 	 оЕН | Selasa 	 08.00вАУ22.00 	 оЕН | Rabu 	 08.00вАУ22.00 	 оЕН | Kamis 	 08.00вАУ22.00 	 оЕН | Jumat 	 08.00вАУ22.00 	 оЕН | Sabtu 	 08.00вАУ22.00 	 оЕН | Minggu 	 08.00вАУ22.00 	 оЕН,dataset_sanggar\foto_sanggar\Sanggar_mimi_2\foto_1.jpg | dataset_sanggar\foto_sanggar\Sanggar_mimi_2\foto_2.jpg | dataset_sanggar\foto_sanggar\Sanggar_mimi_2\foto_3.jpg | dataset_sanggar\foto_sanggar\Sanggar_mimi_2\foto_4.jpg | dataset_sanggar\foto_sanggar\Sanggar_mimi_2\foto_5.jpg,https://www.google.com/maps/place/Sanggar+mimi+2/data=!4m7!3m6!1s0x2dd7fb7afcde69c5:0xd838d1bf4be79d0a!8m2!3d-7.3031464!4d112.7475949!16s%2Fg%2F11sn_3gc51!19sChIJxWne_Hr71y0RCp3nS7_RONg?authuser=0&hl=id&rclk=1
Sanggar seni tari reog & tari tradisional,"Gubeng Jaya III No.30, RT.017/RW.02, Gubeng, Kec. Gubeng, Surabaya, Jawa Timur 60281",,-7.2705988,112.7531128,,,,https://www.google.com/maps/place/Sanggar+seni+tari+reog+%26+tari+tradisional/data=!4m7!3m6!1s0x2dd7fb0001c77a67:0x901d8d227a3cd786!8m2!3d-7.2705988!4d112.7531128!16s%2Fg%2F11z3xz7774!19sChIJZ3rHAQD71y0Rhtc8eiKNHZA?authuser=0&hl=id&rclk=1
Tydif Studio,"Jl. Simo Gn. Barat I No.15, Simomulyo, Kec. Sukomanunggal, Surabaya, Jawa Timur 60281",0813-5716-7857,-7.2701909,112.7103556,,Senin (Hari Lahir Pancasila) 	 09.00вАУ21.00 Jam buka dapat berbeda 	 оЕН | Selasa 	 09.00вАУ21.00 	 оЕН | Rabu 	 09.00вАУ21.00 	 оЕН | Kamis 	 09.00вАУ21.00 	 оЕН | Jumat 	 09.00вАУ21.00 	 оЕН | Sabtu 	 09.00вАУ21.00 	 оЕН | Minggu 	 09.00вАУ21.00 	 оЕН,dataset_sanggar\foto_sanggar\Tydif_Studio\foto_1.jpg | dataset_sanggar\foto_sanggar\Tydif_Studio\foto_2.jpg | dataset_sanggar\foto_sanggar\Tydif_Studio\foto_3.jpg | dataset_sanggar\foto_sanggar\Tydif_Studio\foto_4.jpg | dataset_sanggar\foto_sanggar\Tydif_Studio\foto_5.jpg,https://www.google.com/maps/place/Tydif+Studio/data=!4m7!3m6!1s0x2dd7fd24ff06b997:0x4ad03a05fd48271b!8m2!3d-7.2701909!4d112.7103556!16s%2Fg%2F11hz0scfzr!19sChIJl7kG_yT91y0RGydI_QU60Eo?authuser=0&hl=id&rclk=1
Sanggar Tari Mulyojoyo Enterprise,"Jl. Tambak Medokan Ayu Gg. II No.100, Medokan Ayu, Kec. Rungkut, Surabaya, Jawa Timur 60295",0813-5153-1006,-7.3263975,112.7995633,,Senin (Hari Lahir Pancasila) 	 08.00вАУ21.00 Jam buka dapat berbeda 	 оЕН | Selasa 	 08.00вАУ21.00 	 оЕН | Rabu 	 08.00вАУ21.00 	 оЕН | Kamis 	 08.00вАУ21.00 	 оЕН | Jumat 	 08.00вАУ21.00 	 оЕН | Sabtu 	 08.00вАУ21.00 	 оЕН | Minggu 	 08.00вАУ21.00 	 оЕН,dataset_sanggar\foto_sanggar\Sanggar_Tari_Mulyojoyo_Enterprise\foto_1.jpg | dataset_sanggar\foto_sanggar\Sanggar_Tari_Mulyojoyo_Enterprise\foto_2.jpg | dataset_sanggar\foto_sanggar\Sanggar_Tari_Mulyojoyo_Enterprise\foto_3.jpg | dataset_sanggar\foto_sanggar\Sanggar_Tari_Mulyojoyo_Enterprise\foto_4.jpg | dataset_sanggar\foto_sanggar\Sanggar_Tari_Mulyojoyo_Enterprise\foto_5.jpg,https://www.google.com/maps/place/Sanggar+Tari+Mulyojoyo+Enterprise/data=!4m7!3m6!1s0x2dd7fbf55dbcb303:0x34c8b9d4a6400b29!8m2!3d-7.3263975!4d112.7995633!16s%2Fg%2F11fp8knz2p!19sChIJA7O8XfX71y0RKQtAptS5yDQ?authuser=0&hl=id&rclk=1
Sanggar Tari Kalimas,"Jl. Rungkut Menanggal Harapan Blok A No. 28, Rungkut Menanggal, Gunung Anyar, Surabaya, East Java 60293",0813-3077-8435,-7.338663,112.7756774,,,dataset_sanggar\foto_sanggar\Sanggar_Tari_Kalimas\foto_1.jpg | dataset_sanggar\foto_sanggar\Sanggar_Tari_Kalimas\foto_2.jpg | dataset_sanggar\foto_sanggar\Sanggar_Tari_Kalimas\foto_3.jpg | dataset_sanggar\foto_sanggar\Sanggar_Tari_Kalimas\foto_4.jpg | dataset_sanggar\foto_sanggar\Sanggar_Tari_Kalimas\foto_5.jpg,https://www.google.com/maps/place/Sanggar+Tari+Kalimas/data=!4m7!3m6!1s0x2dd7fb9f42bc71fb:0x3d1dcddc4b602cc7!8m2!3d-7.338663!4d112.7756774!16s%2Fg%2F11pc3lbb5l!19sChIJ-3G8Qp_71y0RxyxgS9zNHT0?authuser=0&hl=id&rclk=1
Sanggar Xtd'official,"Jl. Bumiarjo V No.95, Sawunggaling, Kec. Wonokromo, Surabaya, Jawa Timur 60242",0857-9747-6605,-7.2963861,112.7342545,,Senin (Hari Lahir Pancasila) 	 Tutup Jam buka dapat berbeda 	 оЕН | Selasa 	 Tutup 	 оЕН | Rabu 	 Tutup 	 оЕН | Kamis 	 Tutup 	 оЕН | Jumat 	 09.00вАУ17.00 	 оЕН | Sabtu 	 Tutup 	 оЕН | Minggu 	 09.00вАУ17.00 	 оЕН,dataset_sanggar\foto_sanggar\Sanggar_Xtd'official\foto_1.jpg | dataset_sanggar\foto_sanggar\Sanggar_Xtd'official\foto_2.jpg | dataset_sanggar\foto_sanggar\Sanggar_Xtd'official\foto_3.jpg | dataset_sanggar\foto_sanggar\Sanggar_Xtd'official\foto_4.jpg | dataset_sanggar\foto_sanggar\Sanggar_Xtd'official\foto_5.jpg,https://www.google.com/maps/place/Sanggar+Xtd%27official/data=!4m7!3m6!1s0x2dd7fb8cbbb97639:0x7795dee548fc7b52!8m2!3d-7.2963861!4d112.7342545!16s%2Fg%2F11np3c7052!19sChIJOXa5u4z71y0RUnv8SOXelXc?authuser=0&hl=id&rclk=1
Sanggar Fifa,"Jambangan Baru Iv No.41 Blok D, Jambangan, Kec. Jambangan, Surabaya, Jawa Timur 60232",0813-3242-8726,-7.3146782,112.7130616,,Senin(Hari Lahir Pancasila)09.00вАУ21.00 Jam buka dapat berbedaоЕН | Selasa09.00вАУ21.00оЕН | Rabu09.00вАУ21.00оЕН | Kamis09.00вАУ21.00оЕН | Jumat09.00вАУ21.00оЕН | Sabtu09.00вАУ21.00оЕН | Minggu09.00вАУ21.00оЕН,dataset_sanggar\foto_sanggar\Sanggar_Fifa\foto_1.jpg | dataset_sanggar\foto_sanggar\Sanggar_Fifa\foto_2.jpg | dataset_sanggar\foto_sanggar\Sanggar_Fifa\foto_3.jpg | dataset_sanggar\foto_sanggar\Sanggar_Fifa\foto_4.jpg | dataset_sanggar\foto_sanggar\Sanggar_Fifa\foto_5.jpg,https://www.google.com/maps/place/Sanggar+Fifa/data=!4m7!3m6!1s0x2dd7fc82239677eb:0x15071aca772f0e05!8m2!3d-7.3146782!4d112.7130616!16s%2Fg%2F11ggtcn_xz!19sChIJ63eWI4L81y0RBQ4vd8oaBxU?authuser=0&hl=id&rclk=1
Sanggar tari bu aris,"Jl. Pakis Gn. II No.16, Pakis, Kec. Sawahan, Surabaya, Jawa Timur 60256",0898-8703-275,-7.288719,112.726205,,Senin (Hari Lahir Pancasila) 	 09.00вАУ20.00 Jam buka dapat berbeda 	 оЕН | Selasa 	 09.00вАУ20.00 	 оЕН | Rabu 	 09.00вАУ20.00 	 оЕН | Kamis 	 09.00вАУ20.00 	 оЕН | Jumat 	 09.00вАУ20.00 	 оЕН | Sabtu 	 09.00вАУ20.00 	 оЕН | Minggu 	 09.00вАУ20.00 	 оЕН,dataset_sanggar\foto_sanggar\Sanggar_tari_bu_aris\foto_1.jpg | dataset_sanggar\foto_sanggar\Sanggar_tari_bu_aris\foto_2.jpg | dataset_sanggar\foto_sanggar\Sanggar_tari_bu_aris\foto_3.jpg | dataset_sanggar\foto_sanggar\Sanggar_tari_bu_aris\foto_4.jpg | dataset_sanggar\foto_sanggar\Sanggar_tari_bu_aris\foto_5.jpg,https://www.google.com/maps/place/Sanggar+tari+bu+aris/data=!4m7!3m6!1s0x2dd7fb8d44ff72ab:0x7224959f1c937042!8m2!3d-7.288719!4d112.726205!16s%2Fg%2F11cn0l1q43!19sChIJq3L_RI371y0RQnCTHJ-VJHI?authuser=0&hl=id&rclk=1
Sanggar Tari Dan Kostum Garba Bangsa,"Jl. Bogangin II B No.27, RT.005/RW.05, Kedurus, Kec. Karangpilang, Surabaya, Jawa Timur 60222",0857-8558-1926,-7.3252786,112.7075236,,Senin (Hari Lahir Pancasila) 	 07.00вАУ22.00 Jam buka dapat berbeda 	 оЕН | Selasa 	 07.00вАУ22.00 	 оЕН | Rabu 	 07.00вАУ22.00 	 оЕН | Kamis 	 07.00вАУ22.00 	 оЕН | Jumat 	 07.00вАУ22.00 	 оЕН | Sabtu 	 07.00вАУ22.00 	 оЕН | Minggu 	 07.00вАУ22.00 	 оЕН,dataset_sanggar\foto_sanggar\Sanggar_Tari_Dan_Kostum_Garba_Bangsa\foto_1.jpg | dataset_sanggar\foto_sanggar\Sanggar_Tari_Dan_Kostum_Garba_Bangsa\foto_2.jpg | dataset_sanggar\foto_sanggar\Sanggar_Tari_Dan_Kostum_Garba_Bangsa\foto_3.jpg | dataset_sanggar\foto_sanggar\Sanggar_Tari_Dan_Kostum_Garba_Bangsa\foto_4.jpg | dataset_sanggar\foto_sanggar\Sanggar_Tari_Dan_Kostum_Garba_Bangsa\foto_5.jpg,https://www.google.com/maps/place/Sanggar+Tari+Dan+Kostum+Garba+Bangsa/data=!4m7!3m6!1s0x2dd7fb9ceb426ea7:0x468c2e34ecc6ea72!8m2!3d-7.3252786!4d112.7075236!16s%2Fg%2F11b6dp_r16!19sChIJp25C65z71y0RcurG7DQujEY?authuser=0&hl=id&rclk=1
sanggar makutho,"Jl. Tambak Madu RW - IX No.RT 5, Tambakrejo, Kec. Simokerto, Surabaya, Jawa Timur 60123",0878-5563-6347,-7.2478949,112.7543638,,Senin (Hari Lahir Pancasila) 	 09.00вАУ20.00 Jam buka dapat berbeda 	 оЕН | Selasa 	 09.00вАУ20.00 	 оЕН | Rabu 	 09.00вАУ20.00 	 оЕН | Kamis 	 09.00вАУ20.00 	 оЕН | Jumat 	 09.00вАУ20.00 	 оЕН | Sabtu 	 09.00вАУ20.00 	 оЕН | Minggu 	 09.00вАУ20.00 	 оЕН,dataset_sanggar\foto_sanggar\sanggar_makutho\foto_1.jpg | dataset_sanggar\foto_sanggar\sanggar_makutho\foto_2.jpg | dataset_sanggar\foto_sanggar\sanggar_makutho\foto_3.jpg | dataset_sanggar\foto_sanggar\sanggar_makutho\foto_4.jpg | dataset_sanggar\foto_sanggar\sanggar_makutho\foto_5.jpg,https://www.google.com/maps/place/sanggar+makutho/data=!4m7!3m6!1s0x2dd7f97305591011:0x2a35fe4ebc3c418f!8m2!3d-7.2478949!4d112.7543638!16s%2Fg%2F11cl_58x6f!19sChIJERBZBXP51y0Rj0E8vE7-NSo?authuser=0&hl=id&rclk=1
Sanggar Tari Lestari,"Jalan Kendangsari IV No.102 Pendopo Kantor, Kendangsari, Kec. Tenggilis Mejoyo, Surabaya, Jawa Timur 60292",0877-6333-3358,-7.3258434,112.744002,,Senin (Hari Lahir Pancasila) 	 Tutup Jam buka di hari libur 	 оЕН | Selasa 	 Tutup 	 оЕН | Rabu 	 Tutup 	 оЕН | Kamis 	 Tutup 	 оЕН | Jumat 	 Tutup 	 оЕН | Sabtu 	 15.00вАУ17.00 	 оЕН | Minggu 	 Tutup 	 оЕН,dataset_sanggar\foto_sanggar\Sanggar_Tari_Lestari\foto_1.jpg | dataset_sanggar\foto_sanggar\Sanggar_Tari_Lestari\foto_2.jpg | dataset_sanggar\foto_sanggar\Sanggar_Tari_Lestari\foto_3.jpg | dataset_sanggar\foto_sanggar\Sanggar_Tari_Lestari\foto_4.jpg | dataset_sanggar\foto_sanggar\Sanggar_Tari_Lestari\foto_5.jpg,https://www.google.com/maps/place/Sanggar+Tari+Lestari/data=!4m7!3m6!1s0x2dd7fb5716c13609:0x32f97dd89ddbd782!8m2!3d-7.3258434!4d112.744002!16s%2Fg%2F11rylgz43_!19sChIJCTbBFlf71y0Rgtfbndh9-TI?authuser=0&hl=id&rclk=1
Sokatoja Dancer,"Jl. Karang Menjangan III E No.56, RT.008/RW.07, Mojo, Kec. Gubeng, Surabaya, Jawa Timur 60285",0812-3031-4999,-7.2714298,112.7633225,,Senin (Hari Lahir Pancasila) 	 08.00вАУ16.00 Jam buka dapat berbeda 	 оЕН | Selasa 	 08.00вАУ16.00 	 оЕН | Rabu 	 08.00вАУ16.00 	 оЕН | Kamis 	 08.00вАУ16.00 	 оЕН | Jumat 	 08.00вАУ16.00 	 оЕН | Sabtu 	 08.00вАУ16.00 	 оЕН | Minggu 	 08.00вАУ16.00 	 оЕН,dataset_sanggar\foto_sanggar\Sokatoja_Dancer\foto_1.jpg | dataset_sanggar\foto_sanggar\Sokatoja_Dancer\foto_2.jpg | dataset_sanggar\foto_sanggar\Sokatoja_Dancer\foto_3.jpg | dataset_sanggar\foto_sanggar\Sokatoja_Dancer\foto_4.jpg | dataset_sanggar\foto_sanggar\Sokatoja_Dancer\foto_5.jpg,https://www.google.com/maps/place/Sokatoja+Dancer/data=!4m7!3m6!1s0x2dd7fb6f95625037:0x460d99aa1305422c!8m2!3d-7.2714298!4d112.7633225!16s%2Fg%2F11h8k_d2rn!19sChIJN1BilW_71y0RLEIFE6qZDUY?authuser=0&hl=id&rclk=1
Sanggar Tari Adp,"Jl. Sepat Lidah Kulon Gg. 8 No.610 C, Sepat, Lidah Kulon, Kec. Lakarsantri, Surabaya, Jawa Timur 60213",0857-3072-7700,-7.3036114,112.655437,,Senin (Hari Lahir Pancasila) 	 Tutup Jam buka dapat berbeda 	 оЕН | Selasa 	 16.00вАУ21.00 	 оЕН | Rabu 	 18.00вАУ21.00 	 оЕН | Kamis 	 16.00вАУ21.00 	 оЕН | Jumat 	 16.00вАУ21.00 	 оЕН | Sabtu 	 15.00вАУ21.00 	 оЕН | Minggu 	 08.00вАУ14.00 	 оЕН,dataset_sanggar\foto_sanggar\Sanggar_Tari_Adp\foto_1.jpg | dataset_sanggar\foto_sanggar\Sanggar_Tari_Adp\foto_2.jpg | dataset_sanggar\foto_sanggar\Sanggar_Tari_Adp\foto_3.jpg | dataset_sanggar\foto_sanggar\Sanggar_Tari_Adp\foto_4.jpg | dataset_sanggar\foto_sanggar\Sanggar_Tari_Adp\foto_5.jpg,https://www.google.com/maps/place/Sanggar+Tari+Adp/data=!4m7!3m6!1s0x2dd7fda56fbfb955:0x7d947115c7fed423!8m2!3d-7.3036114!4d112.655437!16s%2Fg%2F11clt8x8x3!19sChIJVbm_b6X91y0RI9T-xxVxlH0?authuser=0&hl=id&rclk=1
Marlupi Dance Academy cabang Simpang Darmo,"Jl. Simpang Darmo Permai Utara No.32, Lontar, Kec. Sambikerep, Surabaya, Jawa Timur 60216",0812-3273-1971,-7.2780738,112.6824451,,Senin (Hari Lahir Pancasila) 	 08.00вАУ20.00 Jam buka dapat berbeda 	 оЕН | Selasa 	 08.00вАУ20.00 	 оЕН | Rabu 	 08.00вАУ20.00 	 оЕН | Kamis 	 08.00вАУ20.00 	 оЕН | Jumat 	 08.00вАУ20.00 	 оЕН | Sabtu 	 08.00вАУ20.00 	 оЕН | Minggu 	 Tutup 	 оЕН,dataset_sanggar\foto_sanggar\Marlupi_Dance_Academy_cabang_Simpang_Darmo\foto_1.jpg | dataset_sanggar\foto_sanggar\Marlupi_Dance_Academy_cabang_Simpang_Darmo\foto_2.jpg | dataset_sanggar\foto_sanggar\Marlupi_Dance_Academy_cabang_Simpang_Darmo\foto_3.jpg | dataset_sanggar\foto_sanggar\Marlupi_Dance_Academy_cabang_Simpang_Darmo\foto_4.jpg | dataset_sanggar\foto_sanggar\Marlupi_Dance_Academy_cabang_Simpang_Darmo\foto_5.jpg,https://www.google.com/maps/place/Marlupi+Dance+Academy+cabang+Simpang+Darmo/data=!4m7!3m6!1s0x2dd7fc251d6dbb99:0x13657dc0021401ba!8m2!3d-7.2780738!4d112.6824451!16s%2Fg%2F1hf6h3rbr!19sChIJmbttHSX81y0RugEUAsB9ZRM?authuser=0&hl=id&rclk=1
"Les private tari tradisional & MUA Make Up (Sewa kostum) "" MoniQartsManagement""","Belakang gedung balai RT RW, Jl. Siwalankerto Timur No.183, Siwalankerto, Kec. Wonocolo, Surabaya, Jawa Timur 60236",0856-0499-3909,-7.3370103,112.7394279,,Senin (Hari Lahir Pancasila) 	 08.00вАУ18.00 Jam buka dapat berbeda 	 оЕН | Selasa 	 08.00вАУ18.00 	 оЕН | Rabu 	 08.00вАУ18.00 	 оЕН | Kamis 	 08.00вАУ18.00 	 оЕН | Jumat 	 08.00вАУ18.00 	 оЕН | Sabtu 	 08.00вАУ17.00 	 оЕН | Minggu 	 Tutup 	 оЕН | Senin(Hari Lahir Pancasila)Buka 24 jam Jam buka dapat berbedaоЕН | SelasaBuka 24 jamоЕН | RabuBuka 24 jamоЕН | KamisBuka 24 jamоЕН | JumatBuka 24 jamоЕН | SabtuBuka 24 jamоЕН | MingguBuka 24 jamоЕН,dataset_sanggar\foto_sanggar\Les_private_tari_tradisional_&_MUA_Make_Up_(Sewa_kostum)__MoniQartsManagement\foto_1.jpg,https://www.google.com/maps/place/Les+private+tari+tradisional+%26+MUA+Make+Up+%28Sewa+kostum%29+%22+MoniQartsManagement%22/data=!4m7!3m6!1s0x2dd7fbbe8656ca2f:0x8a2c1b780a14097d!8m2!3d-7.3370103!4d112.7394279!16s%2Fg%2F11slb_h66y!19sChIJL8pWhr771y0RfQkUCngbLIo?authuser=0&hl=id&rclk=1
Sanggar Astrid,"Jl. Jagir Sidoresmo VI No.43, Jagir, Kec. Wonokromo, Surabaya, Jawa Timur 60244",0856-4638-3988,-7.304266,112.7520945,,Senin (Hari Lahir Pancasila) 	 09.00вАУ20.00 Jam buka dapat berbeda 	 оЕН | Selasa 	 09.00вАУ20.00 	 оЕН | Rabu 	 09.00вАУ20.00 	 оЕН | Kamis 	 09.00вАУ20.00 	 оЕН | Jumat 	 09.00вАУ20.00 	 оЕН | Sabtu 	 09.00вАУ20.00 	 оЕН | Minggu 	 Tutup 	 оЕН,dataset_sanggar\foto_sanggar\Sanggar_Astrid\foto_1.jpg | dataset_sanggar\foto_sanggar\Sanggar_Astrid\foto_2.jpg | dataset_sanggar\foto_sanggar\Sanggar_Astrid\foto_3.jpg | dataset_sanggar\foto_sanggar\Sanggar_Astrid\foto_4.jpg | dataset_sanggar\foto_sanggar\Sanggar_Astrid\foto_5.jpg,https://www.google.com/maps/place/Sanggar+Astrid/data=!4m7!3m6!1s0x2dd7fbfd26c68f65:0x33fa6b530a4bc6fa!8m2!3d-7.304266!4d112.7520945!16s%2Fg%2F11vq7k610g!19sChIJZY_GJv371y0R-sZLClNr-jM?authuser=0&hl=id&rclk=1
Rumah Costum Tari Prastika,"Jl. Prima Kebraon VI No.19, Kebraon, Kec. Karangpilang, Surabaya, Jawa Timur 60222",0813-3130-6707,-7.3235593,112.6918745,,Senin (Hari Lahir Pancasila) 	 06.00вАУ22.00 Jam buka dapat berbeda 	 оЕН | Selasa 	 06.00вАУ22.00 	 оЕН | Rabu 	 06.00вАУ22.00 	 оЕН | Kamis 	 06.00вАУ22.00 	 оЕН | Jumat 	 06.00вАУ22.00 	 оЕН | Sabtu 	 06.00вАУ22.00 	 оЕН | Minggu 	 06.00вАУ22.00 	 оЕН,dataset_sanggar\foto_sanggar\Rumah_Costum_Tari_Prastika\foto_1.jpg | dataset_sanggar\foto_sanggar\Rumah_Costum_Tari_Prastika\foto_2.jpg | dataset_sanggar\foto_sanggar\Rumah_Costum_Tari_Prastika\foto_3.jpg | dataset_sanggar\foto_sanggar\Rumah_Costum_Tari_Prastika\foto_4.jpg | dataset_sanggar\foto_sanggar\Rumah_Costum_Tari_Prastika\foto_5.jpg,https://www.google.com/maps/place/Rumah+Costum+Tari+Prastika/data=!4m7!3m6!1s0x2dd7fc9336f6daef:0xc42c07b01a771875!8m2!3d-7.3235593!4d112.6918745!16s%2Fg%2F11gbk1kdg4!19sChIJ79r2NpP81y0RdRh3GrAHLMQ?authuser=0&hl=id&rclk=1
Sanggar Tari Spectra Dance Studio,"Jl. Kemuning Asri, Tropodo Kulon, Tropodo, Kec. Waru, Kabupaten Sidoarjo, Jawa Timur 61256",,-7.3587726,112.7567229,,Senin (Hari Lahir Pancasila) 	 Tutup Jam buka dapat berbeda 	 оЕН | Selasa 	 Tutup 	 оЕН | Rabu 	 18.30вАУ20.00 	 оЕН | Kamis 	 Tutup 	 оЕН | Jumat 	 Tutup 	 оЕН | Sabtu 	 16.00вАУ18.00 	 оЕН | Minggu 	 10.00вАУ12.00 	 оЕН,dataset_sanggar\foto_sanggar\Sanggar_Tari_Spectra_Dance_Studio\foto_1.jpg | dataset_sanggar\foto_sanggar\Sanggar_Tari_Spectra_Dance_Studio\foto_2.jpg | dataset_sanggar\foto_sanggar\Sanggar_Tari_Spectra_Dance_Studio\foto_3.jpg | dataset_sanggar\foto_sanggar\Sanggar_Tari_Spectra_Dance_Studio\foto_4.jpg | dataset_sanggar\foto_sanggar\Sanggar_Tari_Spectra_Dance_Studio\foto_5.jpg,https://www.google.com/maps/place/Sanggar+Tari+Spectra+Dance+Studio/data=!4m7!3m6!1s0x2dd7e5a27c321b19:0xc6fd49a30ca92dcd!8m2!3d-7.3587726!4d112.7567229!16s%2Fg%2F11h1yv0rww!19sChIJGRsyfKLl1y0RzS2pDKNJ_cY?authuser=0&hl=id&rclk=1
Marlupi Dance Academy,"PPMQ+M2H, Jalan, Tegalsari, Surabaya, East Java 60261",(031) 5933517,-7.2658065,112.7376135,,,dataset_sanggar\foto_sanggar\Marlupi_Dance_Academy\foto_1.jpg | dataset_sanggar\foto_sanggar\Marlupi_Dance_Academy\foto_2.jpg | dataset_sanggar\foto_sanggar\Marlupi_Dance_Academy\foto_3.jpg | dataset_sanggar\foto_sanggar\Marlupi_Dance_Academy\foto_4.jpg | dataset_sanggar\foto_sanggar\Marlupi_Dance_Academy\foto_5.jpg,https://www.google.com/maps/place/Marlupi+Dance+Academy/data=!4m7!3m6!1s0x2dd7f95fbf661d9b:0x8b5bf48bcb1651ab!8m2!3d-7.2658065!4d112.7376135!16s%2Fg%2F11b6ck9_gc!19sChIJmx1mv1_51y0Rq1EWy4v0W4s?authuser=0&hl=id&rclk=1
Sanggar Tari Seruni,"Perum Jl. Gn. Anyar Emas Sel. II No.12A, Gunung Anyar Tambak, Gunung Anyar, Surabaya, East Java 60294",0812-3302-1320,-7.3351694,112.804309,,Senin (Hari Lahir Pancasila) 	 Tutup Jam buka dapat berbeda 	 оЕН | Selasa 	 Tutup 	 оЕН | Rabu 	 Tutup 	 оЕН | Kamis 	 Tutup 	 оЕН | Jumat 	 Tutup 	 оЕН | Sabtu 	 15.30вАУ17.30 	 оЕН | Minggu 	 08.00вАУ11.00 	 оЕН,dataset_sanggar\foto_sanggar\Sanggar_Tari_Seruni\foto_1.jpg | dataset_sanggar\foto_sanggar\Sanggar_Tari_Seruni\foto_2.jpg | dataset_sanggar\foto_sanggar\Sanggar_Tari_Seruni\foto_3.jpg | dataset_sanggar\foto_sanggar\Sanggar_Tari_Seruni\foto_4.jpg | dataset_sanggar\foto_sanggar\Sanggar_Tari_Seruni\foto_5.jpg,https://www.google.com/maps/place/Sanggar+Tari+Seruni/data=!4m7!3m6!1s0x2dd7faaf4ba4226d:0x55703844cf0a4b85!8m2!3d-7.3351694!4d112.804309!16s%2Fg%2F11c2ppws8p!19sChIJbSKkS6_61y0RhUsKz0Q4cFU?authuser=0&hl=id&rclk=1
Sanggar Tari Puspa Dewi,"Sanggar Tari Puspa Dewi, Jl. Medokan Asri Tengah VI, Medokan Ayu, Kec. Rungkut, Surabaya, Jawa Timur 60295",0857-0602-6557,-7.3255868,112.7951013,,,dataset_sanggar\foto_sanggar\Sanggar_Tari_Puspa_Dewi\foto_1.jpg | dataset_sanggar\foto_sanggar\Sanggar_Tari_Puspa_Dewi\foto_2.jpg | dataset_sanggar\foto_sanggar\Sanggar_Tari_Puspa_Dewi\foto_3.jpg | dataset_sanggar\foto_sanggar\Sanggar_Tari_Puspa_Dewi\foto_4.jpg | dataset_sanggar\foto_sanggar\Sanggar_Tari_Puspa_Dewi\foto_5.jpg,https://www.google.com/maps/place/Sanggar+Tari+Puspa+Dewi/data=!4m7!3m6!1s0x2dd7fb005ac35835:0xf77c806fe5c69d8b!8m2!3d-7.3255868!4d112.7951013!16s%2Fg%2F11x13rhdl2!19sChIJNVjDWgD71y0Ri53G5W-AfPc?authuser=0&hl=id&rclk=1
sanggarTARI BALI NARAISWARI SBYRI,"Jl. Menanggal V No.51, Menanggal, Kec. Gayungan, Surabaya, Jawa Timur 60234",,-7.3390363,112.7245534,,,dataset_sanggar\foto_sanggar\sanggarTARI_BALI_NARAISWARI_SBYRI\foto_1.jpg | dataset_sanggar\foto_sanggar\sanggarTARI_BALI_NARAISWARI_SBYRI\foto_2.jpg | dataset_sanggar\foto_sanggar\sanggarTARI_BALI_NARAISWARI_SBYRI\foto_3.jpg | dataset_sanggar\foto_sanggar\sanggarTARI_BALI_NARAISWARI_SBYRI\foto_4.jpg | dataset_sanggar\foto_sanggar\sanggarTARI_BALI_NARAISWARI_SBYRI\foto_5.jpg,https://www.google.com/maps/place/sanggarTARI+BALI+NARAISWARI+SBYRI/data=!4m7!3m6!1s0x2dd7fb005c3b67dd:0x96cc7816925e9f43!8m2!3d-7.3390363!4d112.7245534!16s%2Fg%2F11xlq7t51n!19sChIJ3Wc7XAD71y0RQ59ekhZ4zJY?authuser=0&hl=id&rclk=1
Sanggar Senam Miranti,"Jl. Platuk Donomulyo No.29, Sidotopo Wetan, Kec. Kenjeran, Surabaya, Jawa Timur 60128",0889-8985-8689,-7.230868,112.766336,,Senin (Hari Lahir Pancasila) 	 08.00вАУ09.00 16.00вАУ17.00 18.30вАУ19.30 Jam buka dapat berbeda 	 оЕН | Selasa 	 08.00вАУ09.00 16.00вАУ17.00 18.30вАУ19.30 	 оЕН | Rabu 	 08.00вАУ09.00 16.00вАУ17.00 18.30вАУ19.30 	 оЕН | Kamis 	 08.00вАУ09.00 16.00вАУ17.00 18.30вАУ19.30 	 оЕН | Jumat 	 08.00вАУ09.00 16.00вАУ17.00 18.30вАУ19.30 	 оЕН | Sabtu 	 08.00вАУ09.00 16.00вАУ17.00 18.30вАУ19.30 	 оЕН | Minggu 	 06.30вАУ07.30 16.00вАУ17.00 	 оЕН,dataset_sanggar\foto_sanggar\Sanggar_Senam_Miranti\foto_1.jpg | dataset_sanggar\foto_sanggar\Sanggar_Senam_Miranti\foto_2.jpg | dataset_sanggar\foto_sanggar\Sanggar_Senam_Miranti\foto_3.jpg | dataset_sanggar\foto_sanggar\Sanggar_Senam_Miranti\foto_4.jpg | dataset_sanggar\foto_sanggar\Sanggar_Senam_Miranti\foto_5.jpg,https://www.google.com/maps/place/Sanggar+Senam+Miranti/data=!4m7!3m6!1s0x2dd7f9a97bb8cd2d:0xbff83cb20cd91d7d!8m2!3d-7.230868!4d112.766336!16s%2Fg%2F11b6sgcl4q!19sChIJLc24e6n51y0RfR3ZDLI8-L8?authuser=0&hl=id&rclk=1
Flores Classical Ballet School,"Jl. Flores No.17, Ngagel, Kec. Wonokromo, Surabaya, Jawa Timur 60246",(031) 5938789,-7.2785115,112.7492778,,Senin (Hari Lahir Pancasila) 	 06.00вАУ20.00 Jam buka dapat berbeda 	 оЕН | Selasa 	 06.00вАУ20.00 	 оЕН | Rabu 	 06.00вАУ20.00 	 оЕН | Kamis 	 06.00вАУ20.00 	 оЕН | Jumat 	 06.00вАУ20.00 	 оЕН | Sabtu 	 08.00вАУ16.00 	 оЕН | Minggu 	 Tutup 	 оЕН,dataset_sanggar\foto_sanggar\Flores_Classical_Ballet_School\foto_1.jpg | dataset_sanggar\foto_sanggar\Flores_Classical_Ballet_School\foto_2.jpg | dataset_sanggar\foto_sanggar\Flores_Classical_Ballet_School\foto_3.jpg | dataset_sanggar\foto_sanggar\Flores_Classical_Ballet_School\foto_4.jpg | dataset_sanggar\foto_sanggar\Flores_Classical_Ballet_School\foto_5.jpg,https://www.google.com/maps/place/Flores+Classical+Ballet+School/data=!4m7!3m6!1s0x2dd7fbc50d6ff4ad:0xab77879a5860d904!8m2!3d-7.2785115!4d112.7492778!16s%2Fg%2F11b6s_td9w!19sChIJrfRvDcX71y0RBNlgWJqHd6s?authuser=0&hl=id&rclk=1
"VAV Collection persewaan baju adat, tradisional, karnaval, perjuangan, pahlawan, tari","Banyu Urip Kidul VI B No.1, RT.006/RW.09, Banyu Urip, Kec. Sawahan, Surabaya, Jawa Timur 60254",0813-2006-1297,-7.272101,112.7192442,,Senin (Hari Lahir Pancasila) 	 12.00вАУ22.00 Jam buka dapat berbeda 	 оЕН | Selasa 	 12.00вАУ22.00 	 оЕН | Rabu 	 12.00вАУ22.00 	 оЕН | Kamis 	 12.00вАУ22.00 	 оЕН | Jumat 	 12.00вАУ22.00 	 оЕН | Sabtu 	 12.00вАУ22.00 	 оЕН | Minggu 	 12.00вАУ22.00 	 оЕН,"dataset_sanggar\foto_sanggar\VAV_Collection_persewaan_baju_adat,_tradisional,_karnaval,_perjuangan,_pahlawan,_tari\foto_1.jpg | dataset_sanggar\foto_sanggar\VAV_Collection_persewaan_baju_adat,_tradisional,_karnaval,_perjuangan,_pahlawan,_tari\foto_2.jpg | dataset_sanggar\foto_sanggar\VAV_Collection_persewaan_baju_adat,_tradisional,_karnaval,_perjuangan,_pahlawan,_tari\foto_3.jpg | dataset_sanggar\foto_sanggar\VAV_Collection_persewaan_baju_adat,_tradisional,_karnaval,_perjuangan,_pahlawan,_tari\foto_4.jpg | dataset_sanggar\foto_sanggar\VAV_Collection_persewaan_baju_adat,_tradisional,_karnaval,_perjuangan,_pahlawan,_tari\foto_5.jpg","https://www.google.com/maps/place/VAV+Collection+persewaan+baju+adat,+tradisional,+karnaval,+perjuangan,+pahlawan,+tari/data=!4m7!3m6!1s0x2dd7fbfec38a34d7:0x59f6127ce8d73673!8m2!3d-7.272101!4d112.7192442!16s%2Fg%2F11gh35nckv!19sChIJ1zSKw_771y0RczbX6HwS9lk?authuser=0&hl=id&rclk=1"
"Sanggar Busana Trisno 2, Persewaan Baju Adat Terlengkap di Surabaya","Perum. Pondok Maritim Indah Jl. Raya Karang Klumprik Sel. IX Blok AM-11, Balas Klumprik, Kec. Wiyung, Surabaya, Jawa Timur 60222",0812-3100-2361,-7.3275742,112.68579,,Senin (Hari Lahir Pancasila) 	 10.00вАУ12.00 13.00вАУ16.00 18.00вАУ21.00 Jam buka dapat berbeda 	 оЕН | Selasa 	 10.00вАУ12.00 13.00вАУ16.00 18.00вАУ21.00 	 оЕН | Rabu 	 10.00вАУ12.00 13.00вАУ16.00 18.00вАУ21.00 	 оЕН | Kamis 	 10.00вАУ12.00 13.00вАУ16.00 18.00вАУ21.00 	 оЕН | Jumat 	 10.00вАУ12.00 13.00вАУ16.00 18.00вАУ21.00 	 оЕН | Sabtu 	 10.00вАУ16.00 	 оЕН | Minggu 	 Tutup 	 оЕН,"dataset_sanggar\foto_sanggar\Sanggar_Busana_Trisno_2,_Persewaan_Baju_Adat_Terlengkap_di_Surabaya\foto_1.jpg | dataset_sanggar\foto_sanggar\Sanggar_Busana_Trisno_2,_Persewaan_Baju_Adat_Terlengkap_di_Surabaya\foto_2.jpg | dataset_sanggar\foto_sanggar\Sanggar_Busana_Trisno_2,_Persewaan_Baju_Adat_Terlengkap_di_Surabaya\foto_3.jpg | dataset_sanggar\foto_sanggar\Sanggar_Busana_Trisno_2,_Persewaan_Baju_Adat_Terlengkap_di_Surabaya\foto_4.jpg | dataset_sanggar\foto_sanggar\Sanggar_Busana_Trisno_2,_Persewaan_Baju_Adat_Terlengkap_di_Surabaya\foto_5.jpg","https://www.google.com/maps/place/Sanggar+Busana+Trisno+2,+Persewaan+Baju+Adat+Terlengkap+di+Surabaya/data=!4m7!3m6!1s0x2dd7fcebd3f81f19:0xebeb369c1bc9e92e!8m2!3d-7.3275742!4d112.68579!16s%2Fg%2F11f3n3d7qp!19sChIJGR_40-v81y0RLunJG5w26-s?authuser=0&hl=id&rclk=1"
Sanggar Tari Kampung Bakat,"Sono Indah IV Jl. Sono Indah V, Sonokwijenan, Kec. Sukomanunggal, Surabaya, Jawa Timur 60189",0877-6333-3357,-7.2778593,112.6991859,,Senin (Hari Lahir Pancasila) 	 Tutup Jam buka dapat berbeda 	 оЕН | Selasa 	 Tutup 	 оЕН | Rabu 	 Tutup 	 оЕН | Kamis 	 17.00вАУ19.00 	 оЕН | Jumat 	 Tutup 	 оЕН | Sabtu 	 Tutup 	 оЕН | Minggu 	 Tutup 	 оЕН,dataset_sanggar\foto_sanggar\Sanggar_Tari_Kampung_Bakat\foto_1.jpg | dataset_sanggar\foto_sanggar\Sanggar_Tari_Kampung_Bakat\foto_2.jpg | dataset_sanggar\foto_sanggar\Sanggar_Tari_Kampung_Bakat\foto_3.jpg | dataset_sanggar\foto_sanggar\Sanggar_Tari_Kampung_Bakat\foto_4.jpg | dataset_sanggar\foto_sanggar\Sanggar_Tari_Kampung_Bakat\foto_5.jpg,https://www.google.com/maps/place/Sanggar+Tari+Kampung+Bakat/data=!4m7!3m6!1s0x2dd7fd0b0b0aa951:0xd63482664d71ff3c!8m2!3d-7.2778593!4d112.6991859!16s%2Fg%2F11t5nz9jf6!19sChIJUakKCwv91y0RPP9xTWaCNNY?authuser=0&hl=id&rclk=1
Dewi Ballet,"Jl. Jagalan No.132-136, Bongkaran, Kec. Pabean Cantian, Surabaya, Jawa Timur 60274",(031) 70913453,-7.2477727,112.7427637,,,dataset_sanggar\foto_sanggar\Dewi_Ballet\foto_1.jpg | dataset_sanggar\foto_sanggar\Dewi_Ballet\foto_2.jpg | dataset_sanggar\foto_sanggar\Dewi_Ballet\foto_3.jpg | dataset_sanggar\foto_sanggar\Dewi_Ballet\foto_4.jpg | dataset_sanggar\foto_sanggar\Dewi_Ballet\foto_5.jpg,https://www.google.com/maps/place/Dewi+Ballet/data=!4m7!3m6!1s0x2dd7f96b697098e9:0x7047d0c17f5f3129!8m2!3d-7.2477727!4d112.7427637!16s%2Fg%2F1hc580r82!19sChIJ6ZhwaWv51y0RKTFff8HQR3A?authuser=0&hl=id&rclk=1
SANGGAR TARI DAN SANGGAR REOG TRESNO BUDOYO SURABAYA,"Dk Jl. Raya Jelidro, RT.06 RW01, Sambikerep, Kec. Sambikerep, Surabaya, Jawa Timur 60217",0851-7206-3272,-7.2662562,112.6584576,,Senin (Hari Lahir Pancasila) 	 09.00вАУ17.00 Jam buka dapat berbeda 	 оЕН | Selasa 	 09.00вАУ17.00 	 оЕН | Rabu 	 09.00вАУ17.00 	 оЕН | Kamis 	 09.00вАУ17.00 	 оЕН | Jumat 	 09.00вАУ17.00 	 оЕН | Sabtu 	 09.00вАУ17.00 	 оЕН | Minggu 	 09.00вАУ17.00 	 оЕН,dataset_sanggar\foto_sanggar\SANGGAR_TARI_DAN_SANGGAR_REOG_TRESNO_BUDOYO_SURABAYA\foto_1.jpg | dataset_sanggar\foto_sanggar\SANGGAR_TARI_DAN_SANGGAR_REOG_TRESNO_BUDOYO_SURABAYA\foto_2.jpg | dataset_sanggar\foto_sanggar\SANGGAR_TARI_DAN_SANGGAR_REOG_TRESNO_BUDOYO_SURABAYA\foto_3.jpg | dataset_sanggar\foto_sanggar\SANGGAR_TARI_DAN_SANGGAR_REOG_TRESNO_BUDOYO_SURABAYA\foto_4.jpg | dataset_sanggar\foto_sanggar\SANGGAR_TARI_DAN_SANGGAR_REOG_TRESNO_BUDOYO_SURABAYA\foto_5.jpg,https://www.google.com/maps/place/SANGGAR+TARI+DAN+SANGGAR+REOG+TRESNO+BUDOYO+SURABAYA/data=!4m7!3m6!1s0x2dd7fe7a2af1ee9d:0x4c7da286e6f4dc99!8m2!3d-7.2662562!4d112.6584576!16s%2Fg%2F11csqf4ffl!19sChIJne7xKnr-1y0Rmdz05oaifUw?authuser=0&hl=id&rclk=1
Sekretariat GITOMARON,"Jl. Plampitan XI No.69 006, RT.006/RW.02, Peneleh, Kec. Genteng, Surabaya, Jawa Timur 60274",0813-3106-0101,-7.254418,112.739056,,Senin (Hari Lahir Pancasila) 	 14.00вАУ21.00 Jam buka dapat berbeda 	 оЕН | Selasa 	 14.00вАУ21.00 	 оЕН | Rabu 	 14.00вАУ21.00 	 оЕН | Kamis 	 14.00вАУ21.00 	 оЕН | Jumat 	 14.00вАУ21.00 	 оЕН | Sabtu 	 14.00вАУ21.00 	 оЕН | Minggu 	 Tutup 	 оЕН,dataset_sanggar\foto_sanggar\Sekretariat_GITOMARON\foto_1.jpg | dataset_sanggar\foto_sanggar\Sekretariat_GITOMARON\foto_2.jpg | dataset_sanggar\foto_sanggar\Sekretariat_GITOMARON\foto_3.jpg | dataset_sanggar\foto_sanggar\Sekretariat_GITOMARON\foto_4.jpg | dataset_sanggar\foto_sanggar\Sekretariat_GITOMARON\foto_5.jpg,https://www.google.com/maps/place/Sekretariat+GITOMARON/data=!4m7!3m6!1s0x2dd7f969d5625bd3:0xac2a7c36270ffa0a!8m2!3d-7.254418!4d112.739056!16s%2Fg%2F11dy9jg2xd!19sChIJ01ti1Wn51y0RCvoPJzZ8Kqw?authuser=0&hl=id&rclk=1
Sanggar Tari Simogen,"Jl. Simo Kwagean Kuburan No.14, Banyu Urip, Kec. Sawahan, Surabaya, Jawa Timur 60254",0813-3678-0836,-7.2708138,112.7164692,Grup Seni Pertunjukan,Senin (Hari Lahir Pancasila) 	 Tutup Jam buka dapat berbeda 	 оЕН | Selasa 	 Tutup 	 оЕН | Rabu 	 16.00вАУ19.00 	 оЕН | Kamis 	 16.00вАУ18.00 	 оЕН | Jumat 	 Tutup 	 оЕН | Sabtu 	 Tutup 	 оЕН | Minggu 	 Tutup 	 оЕН,,https://www.google.com/maps/place/Sanggar+Tari+Simogen/data=!4m7!3m6!1s0x2dd7fb2b224bcc4f:0xdec731bbd3a10fe!8m2!3d-7.2708138!4d112.7164692!16s%2Fg%2F11ywhmkjym!19sChIJT8xLIiv71y0R_hA6vRtz7A0?authuser=0&hl=id&rclk=1
Sanggar seni omah ndhuwur,"Jl. Dp Bangunrejo Gg. I No.30, RT.005/RW.05, Dupak, Kec. Krembangan, Surabaya, Jawa Timur 60179",,-7.240268,112.715885,,,dataset_sanggar\foto_sanggar\Sanggar_seni_omah_ndhuwur\foto_1.jpg | dataset_sanggar\foto_sanggar\Sanggar_seni_omah_ndhuwur\foto_2.jpg | dataset_sanggar\foto_sanggar\Sanggar_seni_omah_ndhuwur\foto_3.jpg | dataset_sanggar\foto_sanggar\Sanggar_seni_omah_ndhuwur\foto_4.jpg | dataset_sanggar\foto_sanggar\Sanggar_seni_omah_ndhuwur\foto_5.jpg,https://www.google.com/maps/place/Sanggar+seni+omah+ndhuwur/data=!4m7!3m6!1s0x2dd7f9fc8c54fbff:0x4182c1881a6e4e7b!8m2!3d-7.240268!4d112.715885!16s%2Fg%2F11kqn4k82d!19sChIJ__tUjPz51y0Re05uGojBgkE?authuser=0&hl=id&rclk=1
SANGGAR BUSANA,"No. 40 B, Gang Jl. Pacar Kembang No.3, Pacar Kembang, Kec. Tambaksari, Surabaya, Jawa Timur 60132",0812-3134-5709,-7.260255,112.760954,,Senin (Hari Lahir Pancasila) 	 07.00вАУ21.00 Jam buka dapat berbeda 	 оЕН | Selasa 	 07.00вАУ21.00 	 оЕН | Rabu 	 07.00вАУ21.00 	 оЕН | Kamis 	 07.00вАУ21.00 	 оЕН | Jumat 	 07.00вАУ21.00 	 оЕН | Sabtu 	 07.00вАУ21.00 	 оЕН | Minggu 	 07.00вАУ21.00 	 оЕН,dataset_sanggar\foto_sanggar\SANGGAR_BUSANA\foto_1.jpg | dataset_sanggar\foto_sanggar\SANGGAR_BUSANA\foto_2.jpg | dataset_sanggar\foto_sanggar\SANGGAR_BUSANA\foto_3.jpg | dataset_sanggar\foto_sanggar\SANGGAR_BUSANA\foto_4.jpg | dataset_sanggar\foto_sanggar\SANGGAR_BUSANA\foto_5.jpg,https://www.google.com/maps/place/SANGGAR+BUSANA/data=!4m7!3m6!1s0x2dd7f978c5f1e353:0xcce43d5844e7da4e!8m2!3d-7.260255!4d112.760954!16s%2Fg%2F11bwymfcjh!19sChIJU-PxxXj51y0RTtrnRFg95Mw?authuser=0&hl=id&rclk=1
Sanggar Tari Mugilestari,"Jl. Manukan Lor IV G No.26, Banjar Sugihan, Kec. Tandes, Surabaya, Jawa Timur 60185",,-7.2583803,112.6586897,,Senin (Hari Lahir Pancasila) 	 08.00вАУ20.00 Jam buka dapat berbeda 	 оЕН | Selasa 	 08.00вАУ20.00 	 оЕН | Rabu 	 08.00вАУ20.00 	 оЕН | Kamis 	 08.00вАУ20.00 	 оЕН | Jumat 	 08.00вАУ20.00 	 оЕН | Sabtu 	 08.00вАУ20.00 	 оЕН | Minggu 	 08.00вАУ20.00 	 оЕН,dataset_sanggar\foto_sanggar\Sanggar_Tari_Mugilestari\foto_1.jpg | dataset_sanggar\foto_sanggar\Sanggar_Tari_Mugilestari\foto_2.jpg | dataset_sanggar\foto_sanggar\Sanggar_Tari_Mugilestari\foto_3.jpg | dataset_sanggar\foto_sanggar\Sanggar_Tari_Mugilestari\foto_4.jpg | dataset_sanggar\foto_sanggar\Sanggar_Tari_Mugilestari\foto_5.jpg,https://www.google.com/maps/place/Sanggar+Tari+Mugilestari/data=!4m7!3m6!1s0x2dd7ff8c8c3f5167:0x10e1a1e4a5f7dfb9!8m2!3d-7.2583803!4d112.6586897!16s%2Fg%2F11g2tn1lks!19sChIJZ1E_jIz_1y0Rud_3peSh4RA?authuser=0&hl=id&rclk=1
"Sanggar Seni Reog Ponorogo ""Singo Yudho Budoyo""","QPCH+4GJ, Jl. Ikan Kerapu IV, Perak Bar., Kec. Krembangan, Surabaya, Jawa Timur 60165",0813-3221-1547,-7.2296617,112.7287724,,,dataset_sanggar\foto_sanggar\Sanggar_Seni_Reog_Ponorogo_Singo_Yudho_Budoyo\foto_1.jpg | dataset_sanggar\foto_sanggar\Sanggar_Seni_Reog_Ponorogo_Singo_Yudho_Budoyo\foto_2.jpg | dataset_sanggar\foto_sanggar\Sanggar_Seni_Reog_Ponorogo_Singo_Yudho_Budoyo\foto_3.jpg | dataset_sanggar\foto_sanggar\Sanggar_Seni_Reog_Ponorogo_Singo_Yudho_Budoyo\foto_4.jpg | dataset_sanggar\foto_sanggar\Sanggar_Seni_Reog_Ponorogo_Singo_Yudho_Budoyo\foto_5.jpg,https://www.google.com/maps/place/Sanggar+Seni+Reog+Ponorogo+%22Singo+Yudho+Budoyo%22/data=!4m7!3m6!1s0x2dd7f927b11caa13:0x5974f41baeb626f6!8m2!3d-7.2296617!4d112.7287724!16s%2Fg%2F11b6nvygxj!19sChIJE6ocsSf51y0R9ia2rhv0dFk?authuser=0&hl=id&rclk=1
Sanggar Senam Arimbi,"Jl. Kutisari Sel. No.52, Kutisari, Kec. Tenggilis Mejoyo, Surabaya, Jawa Timur 60291",0821-3915-3153,-7.3359638,112.7457805,,Senin (Hari Lahir Pancasila) 	 19.00вАУ20.00 Jam buka dapat berbeda 	 оЕН | Selasa 	 19.00вАУ20.00 	 оЕН | Rabu 	 19.00вАУ20.00 	 оЕН | Kamis 	 Tutup 	 оЕН | Jumat 	 19.00вАУ20.00 	 оЕН | Sabtu 	 Tutup 	 оЕН | Minggu 	 Tutup 	 оЕН,dataset_sanggar\foto_sanggar\Sanggar_Senam_Arimbi\foto_1.jpg | dataset_sanggar\foto_sanggar\Sanggar_Senam_Arimbi\foto_2.jpg | dataset_sanggar\foto_sanggar\Sanggar_Senam_Arimbi\foto_3.jpg | dataset_sanggar\foto_sanggar\Sanggar_Senam_Arimbi\foto_4.jpg | dataset_sanggar\foto_sanggar\Sanggar_Senam_Arimbi\foto_5.jpg,https://www.google.com/maps/place/Sanggar+Senam+Arimbi/data=!4m7!3m6!1s0x2dd7fb3a3d519f6f:0xf728f285f073bf7!8m2!3d-7.3359638!4d112.7457805!16s%2Fg%2F11b66l1j1m!19sChIJb59RPTr71y0R9zsHXyiPcg8?authuser=0&hl=id&rclk=1
Sanggar Tari SUGTI SEKARTAJI,"Jl. Pagesangan Asri II No.02, Pagesangan, Kec. Jambangan, Surabaya, Jawa Timur 60233",0812-3838-7056,-7.3373274,112.71253,,"Jl. Pagesangan Asri II No.02, Pagesangan, Kec. Jambangan, Surabaya, Jawa Timur 60233",dataset_sanggar\foto_sanggar\Sanggar_Tari_SUGTI_SEKARTAJI\foto_1.jpg | dataset_sanggar\foto_sanggar\Sanggar_Tari_SUGTI_SEKARTAJI\foto_2.jpg | dataset_sanggar\foto_sanggar\Sanggar_Tari_SUGTI_SEKARTAJI\foto_3.jpg | dataset_sanggar\foto_sanggar\Sanggar_Tari_SUGTI_SEKARTAJI\foto_4.jpg | dataset_sanggar\foto_sanggar\Sanggar_Tari_SUGTI_SEKARTAJI\foto_5.jpg,https://www.google.com/maps/place/Sanggar+Tari+SUGTI+SEKARTAJI/data=!4m7!3m6!1s0x2dd7fd8376292109:0x48d49824ac88f826!8m2!3d-7.3373274!4d112.71253!16s%2Fg%2F11rcgvrw2j!19sChIJCSEpdoP91y0RJviIrCSY1Eg?authuser=0&hl=id&rclk=1
D Studio,"Pakuwon City Ruko Patos Blok AA2 No. 37, Kejawaan Putih Tamba, Kec. Mulyorejo, Surabaya, Jawa Timur 60112",0812-9920-3688,-7.2763935,112.8049041,,,dataset_sanggar\foto_sanggar\D_Studio\foto_1.jpg | dataset_sanggar\foto_sanggar\D_Studio\foto_2.jpg | dataset_sanggar\foto_sanggar\D_Studio\foto_3.jpg | dataset_sanggar\foto_sanggar\D_Studio\foto_4.jpg | dataset_sanggar\foto_sanggar\D_Studio\foto_5.jpg,https://www.google.com/maps/place/D+Studio/data=!4m7!3m6!1s0x2dd7fbd24f38933f:0xd72984c636714379!8m2!3d-7.2763935!4d112.8049041!16s%2Fg%2F11h2lkjvqk!19sChIJP5M4T9L71y0ReUNxNsaEKdc?authuser=0&hl=id&rclk=1
Sanggar Rias dan Tari Kurnia Jaya,"Jaya Utara 8, Jl. Raya Tandes Lor No 2 A, Gedangasin, Kec. Sukomanunggal, Surabaya, Jawa Timur 60187",0877-5048-2947,-7.2584967,112.6896958,,Senin (Hari Lahir Pancasila) 	 12.00вАУ20.00 Jam buka dapat berbeda 	 оЕН | Selasa 	 12.00вАУ20.00 	 оЕН | Rabu 	 12.00вАУ20.00 	 оЕН | Kamis 	 12.00вАУ20.00 	 оЕН | Jumat 	 12.00вАУ20.00 	 оЕН | Sabtu 	 12.00вАУ20.00 	 оЕН | Minggu 	 12.00вАУ20.00 	 оЕН,dataset_sanggar\foto_sanggar\Sanggar_Rias_dan_Tari_Kurnia_Jaya\foto_1.jpg | dataset_sanggar\foto_sanggar\Sanggar_Rias_dan_Tari_Kurnia_Jaya\foto_2.jpg | dataset_sanggar\foto_sanggar\Sanggar_Rias_dan_Tari_Kurnia_Jaya\foto_3.jpg | dataset_sanggar\foto_sanggar\Sanggar_Rias_dan_Tari_Kurnia_Jaya\foto_4.jpg | dataset_sanggar\foto_sanggar\Sanggar_Rias_dan_Tari_Kurnia_Jaya\foto_5.jpg,https://www.google.com/maps/place/Sanggar+Rias+dan+Tari+Kurnia+Jaya/data=!4m7!3m6!1s0x2dd7fe979462f50f:0xfd16a5248070b887!8m2!3d-7.2584967!4d112.6896958!16s%2Fg%2F11f5bxhxwz!19sChIJD_VilJf-1y0Rh7hwgCSlFv0?authuser=0&hl=id&rclk=1
Sanggar Ayu,"Jl. Siwalankerto No.76, Siwalankerto, Kec. Wonocolo, Surabaya, Jawa Timur 60234",0822-4445-7217,-7.3388745,112.7329051,,Senin (Hari Lahir Pancasila) 	 10.00вАУ20.00 Jam buka dapat berbeda 	 оЕН | Selasa 	 10.00вАУ20.00 	 оЕН | Rabu 	 10.00вАУ20.00 	 оЕН | Kamis 	 10.00вАУ20.00 	 оЕН | Jumat 	 10.00вАУ20.00 	 оЕН | Sabtu 	 10.00вАУ20.00 	 оЕН | Minggu 	 10.00вАУ20.00 	 оЕН,dataset_sanggar\foto_sanggar\Sanggar_Ayu\foto_1.jpg | dataset_sanggar\foto_sanggar\Sanggar_Ayu\foto_2.jpg | dataset_sanggar\foto_sanggar\Sanggar_Ayu\foto_3.jpg | dataset_sanggar\foto_sanggar\Sanggar_Ayu\foto_4.jpg | dataset_sanggar\foto_sanggar\Sanggar_Ayu\foto_5.jpg,https://www.google.com/maps/place/Sanggar+Ayu/data=!4m7!3m6!1s0x2dd7fb4f4b6205fb:0x348eb5461631a187!8m2!3d-7.3388745!4d112.7329051!16s%2Fg%2F1hm1v96md!19sChIJ-wViS0_71y0Rh6ExFka1jjQ?authuser=0&hl=id&rclk=1
Center Point Dance Studio,"KK, Jl. Sutorejo Tengah No.6 012, RT.012/RW.08, Dukuh Sutorejo, Kec. Mulyorejo, Surabaya, Jawa Timur 60113",(031) 5914433,-7.2672656,112.7915791,,,dataset_sanggar\foto_sanggar\Center_Point_Dance_Studio\foto_1.jpg | dataset_sanggar\foto_sanggar\Center_Point_Dance_Studio\foto_2.jpg | dataset_sanggar\foto_sanggar\Center_Point_Dance_Studio\foto_3.jpg | dataset_sanggar\foto_sanggar\Center_Point_Dance_Studio\foto_4.jpg | dataset_sanggar\foto_sanggar\Center_Point_Dance_Studio\foto_5.jpg,https://www.google.com/maps/place/Center+Point+Dance+Studio/data=!4m7!3m6!1s0x2dd7fa1e8d789cab:0x1e5f69f1715e6958!8m2!3d-7.2672656!4d112.7915791!16s%2Fg%2F1ptwdj6mn!19sChIJq5x4jR761y0RWGlecfFpXx4?authuser=0&hl=id&rclk=1
Sanggar Tari Jenggolo & Sawunggaling,"Balai RW 02 Jl. Balas Klumprik, Balas Klumprik, Kec. Wiyung, Surabaya, Jawa Timur 60222",0856-9364-6729,-7.3307348,112.6854359,,Senin (Hari Lahir Pancasila) 	 08.00вАУ17.00 Jam buka dapat berbeda 	 оЕН | Selasa 	 08.00вАУ17.00 	 оЕН | Rabu 	 08.00вАУ17.00 	 оЕН | Kamis 	 08.00вАУ17.00 	 оЕН | Jumat 	 08.00вАУ17.00 	 оЕН | Sabtu 	 15.30вАУ19.30 	 оЕН | Minggu 	 08.00вАУ17.00 	 оЕН,dataset_sanggar\foto_sanggar\Sanggar_Tari_Jenggolo_&_Sawunggaling\foto_1.jpg | dataset_sanggar\foto_sanggar\Sanggar_Tari_Jenggolo_&_Sawunggaling\foto_2.jpg,https://www.google.com/maps/place/Sanggar+Tari+Jenggolo+%26+Sawunggaling/data=!4m7!3m6!1s0x2dd7fd527ac35685:0x8652ea85e838cc4!8m2!3d-7.3307348!4d112.6854359!16s%2Fg%2F11yg670__m!19sChIJhVbDelL91y0RxIyDXqguZQg?authuser=0&hl=id&rclk=1
Sanggar Seni Anak 2,"Jl. Medokan Semampir Indah No.43, Medokan Semampir, Kec. Sukolilo, Surabaya, Jawa Timur 60119",,-7.307525,112.795803,,Senin (Hari Lahir Pancasila) 	 09.00вАУ16.00 Jam buka dapat berbeda 	 оЕН | Selasa 	 09.00вАУ16.00 	 оЕН | Rabu 	 09.00вАУ16.00 	 оЕН | Kamis 	 09.00вАУ16.00 	 оЕН | Jumat 	 09.00вАУ16.00 	 оЕН | Sabtu 	 09.00вАУ16.00 	 оЕН | Minggu 	 Tutup 	 оЕН,dataset_sanggar\foto_sanggar\Sanggar_Seni_Anak_2\foto_1.jpg | dataset_sanggar\foto_sanggar\Sanggar_Seni_Anak_2\foto_2.jpg | dataset_sanggar\foto_sanggar\Sanggar_Seni_Anak_2\foto_3.jpg | dataset_sanggar\foto_sanggar\Sanggar_Seni_Anak_2\foto_4.jpg | dataset_sanggar\foto_sanggar\Sanggar_Seni_Anak_2\foto_5.jpg,https://www.google.com/maps/place/Sanggar+Seni+Anak+2/data=!4m7!3m6!1s0x2dd7fa88fd2d3a9d:0x1955f118e4b76b9a!8m2!3d-7.307525!4d112.795803!16s%2Fg%2F11b6_nvrch!19sChIJnTot_Yj61y0Rmmu35BjxVRk?authuser=0&hl=id&rclk=1
Angga Lee,"Komplek Ruko BCA, Jl. Kapas Krampung No. 124H, Rangkah, Kec. Tambaksari, Surabaya, Jawa Timur 60134",(031) 5038821,-7.2492734,112.7611397,,,dataset_sanggar\foto_sanggar\Angga_Lee\foto_1.jpg | dataset_sanggar\foto_sanggar\Angga_Lee\foto_2.jpg | dataset_sanggar\foto_sanggar\Angga_Lee\foto_3.jpg | dataset_sanggar\foto_sanggar\Angga_Lee\foto_4.jpg | dataset_sanggar\foto_sanggar\Angga_Lee\foto_5.jpg,https://www.google.com/maps/place/Angga+Lee/data=!4m7!3m6!1s0x2dd7f9a13b7c7b85:0xd166a1f78d1ca114!8m2!3d-7.2492734!4d112.7611397!16s%2Fg%2F1hc737l20!19sChIJhXt8O6H51y0RFKEcjfehZtE?authuser=0&hl=id&rclk=1
Sanggar senam Ivory Sport Studio,"Jl. Medokan Asri Tengah VI, Medokan Ayu, Kec. Rungkut, Surabaya, Jawa Timur 60295",0815-5104-277,-7.3256702,112.7951979,,Senin (Hari Lahir Pancasila) 	 07.00вАУ20.00 Jam buka dapat berbeda 	 оЕН | Selasa 	 07.00вАУ20.00 	 оЕН | Rabu 	 07.00вАУ20.00 	 оЕН | Kamis 	 07.00вАУ20.00 	 оЕН | Jumat 	 07.00вАУ20.00 	 оЕН | Sabtu 	 07.00вАУ10.00 	 оЕН | Minggu 	 07.00вАУ09.00 	 оЕН,dataset_sanggar\foto_sanggar\Sanggar_senam_Ivory_Sport_Studio\foto_1.jpg | dataset_sanggar\foto_sanggar\Sanggar_senam_Ivory_Sport_Studio\foto_2.jpg | dataset_sanggar\foto_sanggar\Sanggar_senam_Ivory_Sport_Studio\foto_3.jpg | dataset_sanggar\foto_sanggar\Sanggar_senam_Ivory_Sport_Studio\foto_4.jpg | dataset_sanggar\foto_sanggar\Sanggar_senam_Ivory_Sport_Studio\foto_5.jpg,https://www.google.com/maps/place/Sanggar+senam+Ivory+Sport+Studio/data=!4m7!3m6!1s0x2dd7fbd88519209b:0xa430013390c109c7!8m2!3d-7.3256702!4d112.7951979!16s%2Fg%2F11wqfhz99h!19sChIJmyAZhdj71y0RxwnBkDMBMKQ?authuser=0&hl=id&rclk=1
"Ambassador Dance Academy, Pondok Tjandra Indah Branch","Ruko, Jl. New Green Hill No.T2, Gn. Anyar, Kec. Gn. Anyar, Surabaya, Jawa Timur 60294",0822-1177-7468,-7.3427716,112.7932189,,Senin (Hari Lahir Pancasila) 	 13.30вАУ19.00 Jam buka dapat berbeda 	 оЕН | Selasa 	 14.00вАУ19.00 	 оЕН | Rabu 	 13.00вАУ20.30 	 оЕН | Kamis 	 13.30вАУ19.00 	 оЕН | Jumat 	 13.00вАУ16.00 	 оЕН | Sabtu 	 09.00вАУ11.00 	 оЕН | Minggu 	 Tutup 	 оЕН,"dataset_sanggar\foto_sanggar\Ambassador_Dance_Academy,_Pondok_Tjandra_Indah_Branch\foto_1.jpg | dataset_sanggar\foto_sanggar\Ambassador_Dance_Academy,_Pondok_Tjandra_Indah_Branch\foto_2.jpg | dataset_sanggar\foto_sanggar\Ambassador_Dance_Academy,_Pondok_Tjandra_Indah_Branch\foto_3.jpg | dataset_sanggar\foto_sanggar\Ambassador_Dance_Academy,_Pondok_Tjandra_Indah_Branch\foto_4.jpg | dataset_sanggar\foto_sanggar\Ambassador_Dance_Academy,_Pondok_Tjandra_Indah_Branch\foto_5.jpg","https://www.google.com/maps/place/Ambassador+Dance+Academy,+Pondok+Tjandra+Indah+Branch/data=!4m7!3m6!1s0x2dd7fbd0fabcf70f:0x21c33636363b575c!8m2!3d-7.3427716!4d112.7932189!16s%2Fg%2F11y5_mnnsc!19sChIJD_e8-tD71y0RXFc7NjY2wyE?authuser=0&hl=id&rclk=1"
Marlupi Dance Academy,"Gedung Srijaya, Jl. Mayjen Sungkono No.212 - 214 Ground Floor, Dukuh Pakis, Kec. Dukuhpakis, Surabaya, Jawa Timur 60225",(031) 5662155,-7.2871272,112.7067803,,Senin (Hari Lahir Pancasila) 	 Tutup Jam buka dapat berbeda 	 оЕН | Selasa 	 Tutup 	 оЕН | Rabu 	 Tutup 	 оЕН | Kamis 	 Tutup 	 оЕН | Jumat 	 Tutup 	 оЕН | Sabtu 	 09.00вАУ16.00 	 оЕН | Minggu 	 Tutup 	 оЕН,dataset_sanggar\foto_sanggar\Marlupi_Dance_Academy\foto_1.jpg | dataset_sanggar\foto_sanggar\Marlupi_Dance_Academy\foto_2.jpg | dataset_sanggar\foto_sanggar\Marlupi_Dance_Academy\foto_3.jpg | dataset_sanggar\foto_sanggar\Marlupi_Dance_Academy\foto_4.jpg,https://www.google.com/maps/place/Marlupi+Dance+Academy/data=!4m7!3m6!1s0x2dd7fc74da5147b3:0xa3ae8a7ba4d51e53!8m2!3d-7.2871272!4d112.7067803!16s%2Fg%2F1pzt34dv6!19sChIJs0dR2nT81y0RUx7VpHuKrqM?authuser=0&hl=id&rclk=1
Sanggar Tari Raraswansa MUA,"Kendung Indah Gg. 1B, Sememi, Kec. Benowo, Surabaya, Jawa Timur 60198",0881-0271-02895,-7.2532054,112.6353272,,Senin (Hari Lahir Pancasila) 	 Buka 24 jam Jam buka dapat berbeda 	 оЕН | Selasa 	 Buka 24 jam 	 оЕН | Rabu 	 Buka 24 jam 	 оЕН | Kamis 	 Buka 24 jam 	 оЕН | Jumat 	 Buka 24 jam 	 оЕН | Sabtu 	 Buka 24 jam 	 оЕН | Minggu 	 Buka 24 jam 	 оЕН,dataset_sanggar\foto_sanggar\Sanggar_Tari_Raraswansa_MUA\foto_1.jpg | dataset_sanggar\foto_sanggar\Sanggar_Tari_Raraswansa_MUA\foto_2.jpg | dataset_sanggar\foto_sanggar\Sanggar_Tari_Raraswansa_MUA\foto_3.jpg,https://www.google.com/maps/place/Sanggar+Tari+Raraswansa+MUA/data=!4m7!3m6!1s0x2dd7ff007e203045:0x52930265b53fef2d!8m2!3d-7.2532054!4d112.6353272!16s%2Fg%2F11z7pc0n6q!19sChIJRTAgfgD_1y0RLe8_tWUCk1I?authuser=0&hl=id&rclk=1
Sanggar Tari Jenggolo,"Jl. Raya Wonocolo No.1, Wonocolo, Bebekan, Kec. Taman, Kabupaten Sidoarjo, Jawa Timur 61257",0857-0403-8794,-7.3461107,112.6947297,,Senin (Hari Lahir Pancasila) 	 10.00вАУ17.00 Jam buka dapat berbeda 	 оЕН | Selasa 	 10.00вАУ17.00 	 оЕН | Rabu 	 10.00вАУ17.00 	 оЕН | Kamis 	 10.00вАУ17.00 	 оЕН | Jumat 	 13.00вАУ17.30 	 оЕН | Sabtu 	 16.00вАУ20.00 	 оЕН | Minggu 	 16.00вАУ20.00 	 оЕН,dataset_sanggar\foto_sanggar\Sanggar_Tari_Jenggolo\foto_1.jpg | dataset_sanggar\foto_sanggar\Sanggar_Tari_Jenggolo\foto_2.jpg | dataset_sanggar\foto_sanggar\Sanggar_Tari_Jenggolo\foto_3.jpg,https://www.google.com/maps/place/Sanggar+Tari+Jenggolo/data=!4m7!3m6!1s0x2dd7fd38a0be814d:0x1ef18baa35cd792b!8m2!3d-7.3461107!4d112.6947297!16s%2Fg%2F11xrsmdsdy!19sChIJTYG-oDj91y0RK3nNNaqL8R4?authuser=0&hl=id&rclk=1
Marlupi Dance Academy,"Jl. Pandan No.26, Ketabang, Kec. Genteng, Surabaya, Jawa Timur 60272",0812-3023-569,-7.259173,112.7521629,,Senin (Hari Lahir Pancasila) 	 08.00вАУ18.00 Jam buka dapat berbeda 	 оЕН | Selasa 	 08.00вАУ18.00 	 оЕН | Rabu 	 08.00вАУ18.00 	 оЕН | Kamis 	 08.00вАУ18.00 	 оЕН | Jumat 	 08.00вАУ18.00 	 оЕН | Sabtu 	 08.00вАУ15.00 	 оЕН | Minggu 	 Tutup 	 оЕН,dataset_sanggar\foto_sanggar\Marlupi_Dance_Academy\foto_1.jpg | dataset_sanggar\foto_sanggar\Marlupi_Dance_Academy\foto_2.jpg | dataset_sanggar\foto_sanggar\Marlupi_Dance_Academy\foto_3.jpg | dataset_sanggar\foto_sanggar\Marlupi_Dance_Academy\foto_4.jpg | dataset_sanggar\foto_sanggar\Marlupi_Dance_Academy\foto_5.jpg,https://www.google.com/maps/place/Marlupi+Dance+Academy/data=!4m7!3m6!1s0x2dd7f97b2ba7d5f5:0xffce84f98d38efb4!8m2!3d-7.259173!4d112.7521629!16s%2Fg%2F11r8s1fwp!19sChIJ9dWnK3v51y0RtO84jfmEzv8?authuser=0&hl=id&rclk=1
Pump n Jump Academy of Arts,"Jl. Babatan Pantai Ut. No.2 Lantai 3, Dukuh Sutorejo, Mulyorejo, Surabaya, East Java 60113",0813-3228-5385,-7.2532074,112.7893591,,Senin (Hari Lahir Pancasila) 	 09.00вАУ21.30 Jam buka dapat berbeda 	 оЕН | Selasa 	 09.00вАУ21.30 	 оЕН | Rabu 	 09.00вАУ21.30 	 оЕН | Kamis 	 09.00вАУ21.30 	 оЕН | Jumat 	 09.00вАУ21.30 	 оЕН | Sabtu 	 09.00вАУ21.30 	 оЕН | Minggu 	 Tutup 	 оЕН,dataset_sanggar\foto_sanggar\Pump_n_Jump_Academy_of_Arts\foto_1.jpg | dataset_sanggar\foto_sanggar\Pump_n_Jump_Academy_of_Arts\foto_2.jpg | dataset_sanggar\foto_sanggar\Pump_n_Jump_Academy_of_Arts\foto_3.jpg | dataset_sanggar\foto_sanggar\Pump_n_Jump_Academy_of_Arts\foto_4.jpg | dataset_sanggar\foto_sanggar\Pump_n_Jump_Academy_of_Arts\foto_5.jpg,https://www.google.com/maps/place/Pump+n+Jump+Academy+of+Arts/data=!4m7!3m6!1s0x2dd7fa17d37b3309:0x8889dafde32258af!8m2!3d-7.2532074!4d112.7893591!16s%2Fg%2F11f045ph24!19sChIJCTN70xf61y0Rr1gi4_3aiYg?authuser=0&hl=id&rclk=1
Gedung Cak Durasim,"Jl. Genteng Kali No.85, Genteng, Kec. Genteng, Surabaya, Jawa Timur 60275",(031) 5342128,-7.2567315,112.7396144,,,dataset_sanggar\foto_sanggar\Gedung_Cak_Durasim\foto_1.jpg | dataset_sanggar\foto_sanggar\Gedung_Cak_Durasim\foto_2.jpg | dataset_sanggar\foto_sanggar\Gedung_Cak_Durasim\foto_3.jpg | dataset_sanggar\foto_sanggar\Gedung_Cak_Durasim\foto_4.jpg | dataset_sanggar\foto_sanggar\Gedung_Cak_Durasim\foto_5.jpg,https://www.google.com/maps/place/Gedung+Cak+Durasim/data=!4m7!3m6!1s0x2dd7f97d349c4d7d:0xc51c4e012d92fdb8!8m2!3d-7.2567315!4d112.7396144!16s%2Fg%2F11l3ccbw06!19sChIJfU2cNH351y0RuP2SLQFOHMU?authuser=0&hl=id&rclk=1
Frence Kids Dance & Frence Studio,"Jalan Sutorejo Utara Prima II PDD No 30, Kalisari, Mulyorejo, Surabaya, East Java 60112",0817-0326-5565,-7.2599968,112.7947813,,Senin (Hari Lahir Pancasila) 	 08.00вАУ17.00 Jam buka dapat berbeda 	 оЕН | Selasa 	 08.00вАУ17.00 	 оЕН | Rabu 	 08.00вАУ17.00 	 оЕН | Kamis 	 08.00вАУ17.00 	 оЕН | Jumat 	 08.00вАУ16.00 	 оЕН | Sabtu 	 08.00вАУ16.00 	 оЕН | Minggu 	 Tutup 	 оЕН,dataset_sanggar\foto_sanggar\Frence_Kids_Dance_&_Frence_Studio\foto_1.jpg | dataset_sanggar\foto_sanggar\Frence_Kids_Dance_&_Frence_Studio\foto_2.jpg | dataset_sanggar\foto_sanggar\Frence_Kids_Dance_&_Frence_Studio\foto_3.jpg | dataset_sanggar\foto_sanggar\Frence_Kids_Dance_&_Frence_Studio\foto_4.jpg | dataset_sanggar\foto_sanggar\Frence_Kids_Dance_&_Frence_Studio\foto_5.jpg,https://www.google.com/maps/place/Frence+Kids+Dance+%26+Frence+Studio/data=!4m7!3m6!1s0x2dd7fb250866683d:0xe1749eedc89ab473!8m2!3d-7.2599968!4d112.7947813!16s%2Fg%2F11hdf8vw25!19sChIJPWhmCCX71y0Rc7SayO2edOE?authuser=0&hl=id&rclk=1
Sanggar Sani Puspita,"Jl. Kapas Jaya No.62, Kapasmadya baru, Kec. Tambaksari, Surabaya, Jawa Timur 60142",0878-5394-843,-7.2379044,112.7630205,Persewaan Kostum,Senin (Hari Lahir Pancasila) 	 Buka 24 jam Jam buka dapat berbeda 	 оЕН | Selasa 	 Buka 24 jam 	 оЕН | Rabu 	 Buka 24 jam 	 оЕН | Kamis 	 Buka 24 jam 	 оЕН | Jumat 	 Buka 24 jam 	 оЕН | Sabtu 	 Buka 24 jam 	 оЕН | Minggu 	 Buka 24 jam 	 оЕН,dataset_sanggar\foto_sanggar\Sanggar_Sani_Puspita\foto_1.jpg | dataset_sanggar\foto_sanggar\Sanggar_Sani_Puspita\foto_2.jpg,https://www.google.com/maps/place/Sanggar+Sani+Puspita/data=!4m7!3m6!1s0x2dd7f9832438803d:0xc0fbe922b371ee01!8m2!3d-7.2379044!4d112.7630205!16s%2Fg%2F11g0hlztrl!19sChIJPYA4JIP51y0RAe5xsyLp-8A?authuser=0&hl=id&rclk=1
Sanggar Putri,"Jl. Petemon III No.18, Petemon, Kec. Sawahan, Surabaya, Jawa Timur 60252",0857-0662-6542,-7.2652127,112.7234637,,Senin (Hari Lahir Pancasila) 	 07.00вАУ22.00 Jam buka dapat berbeda 	 оЕН | Selasa 	 07.00вАУ22.00 	 оЕН | Rabu 	 07.00вАУ22.00 	 оЕН | Kamis 	 07.00вАУ22.00 	 оЕН | Jumat 	 07.00вАУ22.00 	 оЕН | Sabtu 	 07.00вАУ22.00 	 оЕН | Minggu 	 Tutup 	 оЕН,dataset_sanggar\foto_sanggar\Sanggar_Putri\foto_1.jpg | dataset_sanggar\foto_sanggar\Sanggar_Putri\foto_2.jpg | dataset_sanggar\foto_sanggar\Sanggar_Putri\foto_3.jpg | dataset_sanggar\foto_sanggar\Sanggar_Putri\foto_4.jpg | dataset_sanggar\foto_sanggar\Sanggar_Putri\foto_5.jpg,https://www.google.com/maps/place/Sanggar+Putri/data=!4m7!3m6!1s0x2dd7f95461960c57:0xa80bb668cabcc9b3!8m2!3d-7.2652127!4d112.7234637!16s%2Fg%2F1pzrnv8rd!19sChIJVwyWYVT51y0Rs8m8ymi2C6g?authuser=0&hl=id&rclk=1
Marlupi Dance Academy,"Jl. Klampis Jaya No.25E, Klampis Ngasem, Kec. Sukolilo, Surabaya, Jawa Timur 60117",0818-371-433,-7.2856479,112.775897,,Senin (Hari Lahir Pancasila) 	 16.30вАУ20.00 Jam buka dapat berbeda 	 оЕН | Selasa 	 16.00вАУ20.00 	 оЕН | Rabu 	 16.00вАУ20.00 	 оЕН | Kamis 	 16.00вАУ20.30 	 оЕН | Jumat 	 16.00вАУ20.00 	 оЕН | Sabtu 	 09.00вАУ16.00 	 оЕН | Minggu 	 Tutup 	 оЕН,dataset_sanggar\foto_sanggar\Marlupi_Dance_Academy\foto_1.jpg | dataset_sanggar\foto_sanggar\Marlupi_Dance_Academy\foto_2.jpg | dataset_sanggar\foto_sanggar\Marlupi_Dance_Academy\foto_3.jpg | dataset_sanggar\foto_sanggar\Marlupi_Dance_Academy\foto_4.jpg | dataset_sanggar\foto_sanggar\Marlupi_Dance_Academy\foto_5.jpg,https://www.google.com/maps/place/Marlupi+Dance+Academy/data=!4m7!3m6!1s0x2dd7fa47f1579d67:0x1b51793b76a1b5c4!8m2!3d-7.2856479!4d112.775897!16s%2Fg%2F11b69hc0j3!19sChIJZ51X8Uf61y0RxLWhdjt5URs?authuser=0&hl=id&rclk=1
"#Sewa Baju Adat, Prewedding, Tedak Siten, Wisuda, Pahlawan. #REKI COLLECTION SBY","Gg. 10 A No.9, Banyu Urip, Kec. Sawahan, Surabaya, Jawa Timur 60254",0851-0479-5699,-7.2723553,112.7197712,,Senin (Hari Lahir Pancasila) 	 13.00вАУ22.00 Jam buka dapat berbeda 	 оЕН | Selasa 	 13.00вАУ22.00 	 оЕН | Rabu 	 13.00вАУ22.00 	 оЕН | Kamis 	 13.00вАУ22.00 	 оЕН | Jumat 	 13.00вАУ22.00 	 оЕН | Sabtu 	 13.00вАУ22.00 	 оЕН | Minggu 	 Tutup 	 оЕН,"dataset_sanggar\foto_sanggar\#Sewa_Baju_Adat,_Prewedding,_Tedak_Siten,_Wisuda,_Pahlawan._#REKI_COLLECTION_SBY\foto_1.jpg | dataset_sanggar\foto_sanggar\#Sewa_Baju_Adat,_Prewedding,_Tedak_Siten,_Wisuda,_Pahlawan._#REKI_COLLECTION_SBY\foto_2.jpg | dataset_sanggar\foto_sanggar\#Sewa_Baju_Adat,_Prewedding,_Tedak_Siten,_Wisuda,_Pahlawan._#REKI_COLLECTION_SBY\foto_3.jpg | dataset_sanggar\foto_sanggar\#Sewa_Baju_Adat,_Prewedding,_Tedak_Siten,_Wisuda,_Pahlawan._#REKI_COLLECTION_SBY\foto_4.jpg | dataset_sanggar\foto_sanggar\#Sewa_Baju_Adat,_Prewedding,_Tedak_Siten,_Wisuda,_Pahlawan._#REKI_COLLECTION_SBY\foto_5.jpg","https://www.google.com/maps/place/%23Sewa+Baju+Adat,+Prewedding,+Tedak+Siten,+Wisuda,+Pahlawan.+%23REKI+COLLECTION+SBY/data=!4m7!3m6!1s0x2dd7fbfec13d9caf:0x853c344a07c95784!8m2!3d-7.2723553!4d112.7197712!16s%2Fg%2F11hdb1llpp!19sChIJr5w9wf771y0RhFfJB0o0PIU?authuser=0&hl=id&rclk=1"
Sekolah Tinggi Kesenian Wilwatikta,"Perumahan Wisma Mukti Jl. Klampis Anom II, Klampis Ngasem, Kec. Sukolilo, Surabaya, Jawa Timur 60117",(031) 5949945,-7.2946205,112.7777578,,Senin (Hari Lahir Pancasila) 	 07.00вАУ17.00 Jam buka dapat berbeda 	 оЕН | Selasa 	 07.00вАУ17.00 	 оЕН | Rabu 	 07.00вАУ17.00 	 оЕН | Kamis 	 07.00вАУ17.00 	 оЕН | Jumat 	 Buka 24 jam 	 оЕН | Sabtu 	 Buka 24 jam 	 оЕН | Minggu 	 Buka 24 jam 	 оЕН,dataset_sanggar\foto_sanggar\Sekolah_Tinggi_Kesenian_Wilwatikta\foto_1.jpg | dataset_sanggar\foto_sanggar\Sekolah_Tinggi_Kesenian_Wilwatikta\foto_2.jpg | dataset_sanggar\foto_sanggar\Sekolah_Tinggi_Kesenian_Wilwatikta\foto_3.jpg | dataset_sanggar\foto_sanggar\Sekolah_Tinggi_Kesenian_Wilwatikta\foto_4.jpg | dataset_sanggar\foto_sanggar\Sekolah_Tinggi_Kesenian_Wilwatikta\foto_5.jpg,https://www.google.com/maps/place/Sekolah+Tinggi+Kesenian+Wilwatikta/data=!4m7!3m6!1s0x2dd7fa444b9b7557:0xeb1c403dbbe54fc8!8m2!3d-7.2946205!4d112.7777578!16s%2Fg%2F1pztd4dg7!19sChIJV3WbS0T61y0RyE_luz1AHOs?authuser=0&hl=id&rclk=1
Studio Tari Citra Puspita Paramesti,"Rumah Padat Karya Surabaya, Pendopo D, Jl. Raya Bringin No.11, Bringin, Kec. Sambikerep, Surabaya, Jawa Timur 60185",0857-0875-2091,-7.2605686,112.6470246,,Senin (Hari Lahir Pancasila) 	 Tutup Jam buka dapat berbeda 	 оЕН | Selasa 	 Tutup 	 оЕН | Rabu 	 Tutup 	 оЕН | Kamis 	 Tutup 	 оЕН | Jumat 	 Tutup 	 оЕН | Sabtu 	 10.00вАУ18.00 	 оЕН | Minggu 	 09.00вАУ18.00 	 оЕН,dataset_sanggar\foto_sanggar\Studio_Tari_Citra_Puspita_Paramesti\foto_1.jpg | dataset_sanggar\foto_sanggar\Studio_Tari_Citra_Puspita_Paramesti\foto_2.jpg | dataset_sanggar\foto_sanggar\Studio_Tari_Citra_Puspita_Paramesti\foto_3.jpg | dataset_sanggar\foto_sanggar\Studio_Tari_Citra_Puspita_Paramesti\foto_4.jpg | dataset_sanggar\foto_sanggar\Studio_Tari_Citra_Puspita_Paramesti\foto_5.jpg,https://www.google.com/maps/place/Studio+Tari+Citra+Puspita+Paramesti/data=!4m7!3m6!1s0x2dd7ff42aacacfd3:0xa1e0d8c83ac0c4aa!8m2!3d-7.2605686!4d112.6470246!16s%2Fg%2F11vj70mp2x!19sChIJ08_KqkL_1y0RqsTAOsjY4KE?authuser=0&hl=id&rclk=1
Sanggar Tari Cantiqa,"Jl. Manukan Mukti No.7 Blok 11 B, Manukan Kulon, Kec. Tandes, Surabaya, Jawa Timur 60185",0831-3373-7100,-7.2606179,112.6612545,,Senin (Hari Lahir Pancasila) 	 Tutup Jam buka dapat berbeda 	 оЕН | Selasa 	 Tutup 	 оЕН | Rabu 	 Tutup 	 оЕН | Kamis 	 Tutup 	 оЕН | Jumat 	 Tutup 	 оЕН | Sabtu 	 15.00вАУ20.00 	 оЕН | Minggu 	 Tutup 	 оЕН,dataset_sanggar\foto_sanggar\Sanggar_Tari_Cantiqa\foto_1.jpg | dataset_sanggar\foto_sanggar\Sanggar_Tari_Cantiqa\foto_2.jpg | dataset_sanggar\foto_sanggar\Sanggar_Tari_Cantiqa\foto_3.jpg | dataset_sanggar\foto_sanggar\Sanggar_Tari_Cantiqa\foto_4.jpg,https://www.google.com/maps/place/Sanggar+Tari+Cantiqa/data=!4m7!3m6!1s0x2dd7ff0033d26ac9:0xed2fcc27f2face52!8m2!3d-7.2606179!4d112.6612545!16s%2Fg%2F11y2qj731j!19sChIJyWrSMwD_1y0RUs768ifML-0?authuser=0&hl=id&rclk=1
LINTANG KOSTUM (PUSAT) busana tari,"Jl. Sambirogo IV No.13 Blok R, Sambikerep, Kec. Sambikerep, Surabaya, Jawa Timur 60217",0856-3000-953,-7.2677235,112.6575072,,Senin (Hari Lahir Pancasila) 	 12.00вАУ19.00 Jam buka dapat berbeda 	 оЕН | Selasa 	 12.00вАУ19.00 	 оЕН | Rabu 	 12.00вАУ19.00 	 оЕН | Kamis 	 12.00вАУ19.00 	 оЕН | Jumat 	 12.00вАУ19.00 	 оЕН | Sabtu 	 08.00вАУ15.00 	 оЕН | Minggu 	 Tutup 	 оЕН,dataset_sanggar\foto_sanggar\LINTANG_KOSTUM_(PUSAT)_busana_tari\foto_1.jpg | dataset_sanggar\foto_sanggar\LINTANG_KOSTUM_(PUSAT)_busana_tari\foto_2.jpg | dataset_sanggar\foto_sanggar\LINTANG_KOSTUM_(PUSAT)_busana_tari\foto_3.jpg | dataset_sanggar\foto_sanggar\LINTANG_KOSTUM_(PUSAT)_busana_tari\foto_4.jpg | dataset_sanggar\foto_sanggar\LINTANG_KOSTUM_(PUSAT)_busana_tari\foto_5.jpg,https://www.google.com/maps/place/LINTANG+KOSTUM+%28PUSAT%29+busana+tari/data=!4m7!3m6!1s0x2dd7ffeef3909729:0x6cdc449a43d3996!8m2!3d-7.2677235!4d112.6575072!16s%2Fg%2F11h1zcvtsc!19sChIJKZeQ8-7_1y0Rljk9pEnEzQY?authuser=0&hl=id&rclk=1
Sanggar senam yani,"Pd. Candra, Jl. Raya Taman Asri No.2 no 42, Wadungasri, Kec. Waru, Kabupaten Sidoarjo, Jawa Timur 61256",0811-3393-159,-7.3433111,112.7684047,,Senin (Hari Lahir Pancasila) 	 10.00вАУ16.00 Jam buka dapat berbeda 	 оЕН | Selasa 	 10.00вАУ16.00 	 оЕН | Rabu 	 10.00вАУ16.00 	 оЕН | Kamis 	 10.00вАУ16.00 	 оЕН | Jumat 	 10.00вАУ16.00 	 оЕН | Sabtu 	 10.00вАУ16.00 	 оЕН | Minggu 	 Tutup 	 оЕН,dataset_sanggar\foto_sanggar\Sanggar_senam_yani\foto_1.jpg | dataset_sanggar\foto_sanggar\Sanggar_senam_yani\foto_2.jpg | dataset_sanggar\foto_sanggar\Sanggar_senam_yani\foto_3.jpg | dataset_sanggar\foto_sanggar\Sanggar_senam_yani\foto_4.jpg,https://www.google.com/maps/place/Sanggar+senam+yani/data=!4m7!3m6!1s0x2dd7fad47b8e526d:0x8aee455eb238f7a1!8m2!3d-7.3433111!4d112.7684047!16s%2Fg%2F11clhqsfzh!19sChIJbVKOe9T61y0Rofc4sl5F7oo?authuser=0&hl=id&rclk=1
Sanggar Busana Trisno 1 Kenjeran Surabaya Utara. Persewaan Baju Adat Dan Baju Pahlawan,"Jl. Tanah Merah Utara XI No.1 A, Tanah Kali Kedinding, Kec. Kenjeran, Surabaya, Jawa Timur 60129",,-7.2214602,112.7687369,,Senin (Hari Lahir Pancasila) 	 10.00вАУ13.00 18.30вАУ21.00 Jam buka dapat berbeda 	 оЕН | Selasa 	 10.00вАУ13.00 18.30вАУ21.00 	 оЕН | Rabu 	 10.00вАУ13.00 18.30вАУ21.00 	 оЕН | Kamis 	 10.00вАУ13.00 18.30вАУ21.00 	 оЕН | Jumat 	 10.00вАУ13.00 18.30вАУ21.00 	 оЕН | Sabtu 	 Tutup 	 оЕН | Minggu 	 Tutup 	 оЕН,dataset_sanggar\foto_sanggar\Sanggar_Busana_Trisno_1_Kenjeran_Surabaya_Utara._Persewaan_Baju_Adat_Dan_Baju_Pahlawan\foto_1.jpg | dataset_sanggar\foto_sanggar\Sanggar_Busana_Trisno_1_Kenjeran_Surabaya_Utara._Persewaan_Baju_Adat_Dan_Baju_Pahlawan\foto_2.jpg | dataset_sanggar\foto_sanggar\Sanggar_Busana_Trisno_1_Kenjeran_Surabaya_Utara._Persewaan_Baju_Adat_Dan_Baju_Pahlawan\foto_3.jpg | dataset_sanggar\foto_sanggar\Sanggar_Busana_Trisno_1_Kenjeran_Surabaya_Utara._Persewaan_Baju_Adat_Dan_Baju_Pahlawan\foto_4.jpg | dataset_sanggar\foto_sanggar\Sanggar_Busana_Trisno_1_Kenjeran_Surabaya_Utara._Persewaan_Baju_Adat_Dan_Baju_Pahlawan\foto_5.jpg,https://www.google.com/maps/place/Sanggar+Busana+Trisno+1+Kenjeran+Surabaya+Utara.+Persewaan+Baju+Adat+Dan+Baju+Pahlawan/data=!4m7!3m6!1s0x2dd7f8fe388792d5:0x19db8e0cbc053360!8m2!3d-7.2214602!4d112.7687369!16s%2Fg%2F1hm56zd2p!19sChIJ1ZKHOP741y0RYDMFvAyO2xk?authuser=0&hl=id&rclk=1
First Move Studio,"Jl. Kalisari Permai I No.9, Kalisari, Kec. Mulyorejo, Surabaya, Jawa Timur 60112",0819-803-335,-7.269863,112.8052552,,Senin (Hari Lahir Pancasila) 	 Buka 24 jam Jam buka dapat berbeda 	 оЕН | Selasa 	 Buka 24 jam 	 оЕН | Rabu 	 Buka 24 jam 	 оЕН | Kamis 	 Buka 24 jam 	 оЕН | Jumat 	 Buka 24 jam 	 оЕН | Sabtu 	 Buka 24 jam 	 оЕН | Minggu 	 Buka 24 jam 	 оЕН,dataset_sanggar\foto_sanggar\First_Move_Studio\foto_1.jpg | dataset_sanggar\foto_sanggar\First_Move_Studio\foto_2.jpg | dataset_sanggar\foto_sanggar\First_Move_Studio\foto_3.jpg | dataset_sanggar\foto_sanggar\First_Move_Studio\foto_4.jpg | dataset_sanggar\foto_sanggar\First_Move_Studio\foto_5.jpg,https://www.google.com/maps/place/First+Move+Studio/data=!4m7!3m6!1s0x2dd7fbedfc6bb915:0x7a0f3f3ad858dbe1!8m2!3d-7.269863!4d112.8052552!16s%2Fg%2F11j488kltg!19sChIJFblr_O371y0R4dtY2Do_D3o?authuser=0&hl=id&rclk=1
Sanggar Siti Nurbaya,"Jalan Kutilang no.66 Rewwin, Jl. Kutilang No.66, Ngeni, Kepuhkiriman, Kec. Waru, Kabupaten Sidoarjo, Jawa Timur 61256",0859-2902-0955,-7.3477413,112.7563841,,Senin (Hari Lahir Pancasila) 	 10.00вАУ16.00 Jam buka dapat berbeda 	 оЕН | Selasa 	 10.00вАУ16.00 	 оЕН | Rabu 	 10.00вАУ16.00 	 оЕН | Kamis 	 10.00вАУ16.00 	 оЕН | Jumat 	 10.00вАУ16.00 	 оЕН | Sabtu 	 Tutup 	 оЕН | Minggu 	 Tutup 	 оЕН,dataset_sanggar\foto_sanggar\Sanggar_Siti_Nurbaya\foto_1.jpg | dataset_sanggar\foto_sanggar\Sanggar_Siti_Nurbaya\foto_2.jpg | dataset_sanggar\foto_sanggar\Sanggar_Siti_Nurbaya\foto_3.jpg | dataset_sanggar\foto_sanggar\Sanggar_Siti_Nurbaya\foto_4.jpg | dataset_sanggar\foto_sanggar\Sanggar_Siti_Nurbaya\foto_5.jpg,https://www.google.com/maps/place/Sanggar+Siti+Nurbaya/data=!4m7!3m6!1s0x2dd7e4d35c8c1b37:0x38ed090b0c5b22e1!8m2!3d-7.3477413!4d112.7563841!16s%2Fg%2F1pztxpv83!19sChIJNxuMXNPk1y0R4SJbDAsJ7Tg?authuser=0&hl=id&rclk=1
Sanggar Bale Agung,"Jalan Aquamarin 3 No.24 perumahan, Jl. Granit Nila, Paras, Mulung, Kec. Driyorejo, Kabupaten Gresik, Jawa Timur 61177",0813-5335-1995,-7.3300742,112.6370258,,Senin (Hari Lahir Pancasila) 	 07.00вАУ21.00 Jam buka dapat berbeda 	 оЕН | Selasa 	 07.00вАУ21.00 	 оЕН | Rabu 	 07.00вАУ21.00 	 оЕН | Kamis 	 07.00вАУ21.00 	 оЕН | Jumat 	 07.00вАУ21.00 	 оЕН | Sabtu 	 07.00вАУ21.00 	 оЕН | Minggu 	 07.00вАУ21.00 	 оЕН,dataset_sanggar\foto_sanggar\Sanggar_Bale_Agung\foto_1.jpg | dataset_sanggar\foto_sanggar\Sanggar_Bale_Agung\foto_2.jpg | dataset_sanggar\foto_sanggar\Sanggar_Bale_Agung\foto_3.jpg | dataset_sanggar\foto_sanggar\Sanggar_Bale_Agung\foto_4.jpg | dataset_sanggar\foto_sanggar\Sanggar_Bale_Agung\foto_5.jpg,https://www.google.com/maps/place/Sanggar+Bale+Agung/data=!4m7!3m6!1s0x2dd7fd6976a0d957:0xee8a4c3a0447c863!8m2!3d-7.3300742!4d112.6370258!16s%2Fg%2F11g6bj596t!19sChIJV9mgdmn91y0RY8hHBDpMiu4?authuser=0&hl=id&rclk=1
Sanggar Reyog Singo Joyo Rekso,"QJ2V+8PW, Jl. Sememi Jaya II, Sememi, Kec. Benowo, Surabaya, Jawa Timur 60198",0858-9529-2216,-7.2491258,112.6443384,,Senin (Hari Lahir Pancasila) 	 09.30вАУ21.30 Jam buka dapat berbeda 	 оЕН | Selasa 	 09.30вАУ21.30 	 оЕН | Rabu 	 09.30вАУ21.30 	 оЕН | Kamis 	 09.30вАУ21.30 	 оЕН | Jumat 	 09.30вАУ21.30 	 оЕН | Sabtu 	 09.30вАУ21.30 	 оЕН | Minggu 	 09.30вАУ21.30 	 оЕН,dataset_sanggar\foto_sanggar\Sanggar_Reyog_Singo_Joyo_Rekso\foto_1.jpg | dataset_sanggar\foto_sanggar\Sanggar_Reyog_Singo_Joyo_Rekso\foto_2.jpg | dataset_sanggar\foto_sanggar\Sanggar_Reyog_Singo_Joyo_Rekso\foto_3.jpg,https://www.google.com/maps/place/Sanggar+Reyog+Singo+Joyo+Rekso/data=!4m7!3m6!1s0x2dd7fe4086721e19:0x941cc52cff7a3605!8m2!3d-7.2491258!4d112.6443384!16s%2Fg%2F11fy4ykydn!19sChIJGR5yhkD-1y0RBTZ6_yzFHJQ?authuser=0&hl=id&rclk=1
Seruni Clothing,"Jl. Gn. Anyar Emas Sel. II No.12 A2, Gunung Anyar Tambak, Gunung Anyar, Surabaya, East Java 61294",0899-0327-883,-7.3352684,112.8042427,,Senin (Hari Lahir Pancasila) 	 09.00вАУ22.00 Jam buka dapat berbeda 	 оЕН | Selasa 	 09.00вАУ22.00 	 оЕН | Rabu 	 09.00вАУ22.00 	 оЕН | Kamis 	 09.00вАУ22.00 	 оЕН | Jumat 	 09.00вАУ22.00 	 оЕН | Sabtu 	 09.00вАУ22.00 	 оЕН | Minggu 	 09.00вАУ22.00 	 оЕН,dataset_sanggar\foto_sanggar\Seruni_Clothing\foto_1.jpg | dataset_sanggar\foto_sanggar\Seruni_Clothing\foto_2.jpg | dataset_sanggar\foto_sanggar\Seruni_Clothing\foto_3.jpg | dataset_sanggar\foto_sanggar\Seruni_Clothing\foto_4.jpg | dataset_sanggar\foto_sanggar\Seruni_Clothing\foto_5.jpg,https://www.google.com/maps/place/Seruni+Clothing/data=!4m7!3m6!1s0x2dd7e13535de5523:0xea9f3da3654192a3!8m2!3d-7.3352684!4d112.8042427!16s%2Fg%2F11b6wsff2t!19sChIJI1XeNTXh1y0Ro5JBZaM9n-o?authuser=0&hl=id&rclk=1
Komunitas Seni Budaya BrangWetan,"Jl. Bungurasih Timur No.40, Kasian, Bungurasih, Kec. Waru, Kabupaten Sidoarjo, Jawa Timur 61236",,-7.3536081,112.7248116,,,dataset_sanggar\foto_sanggar\Komunitas_Seni_Budaya_BrangWetan\foto_1.jpg | dataset_sanggar\foto_sanggar\Komunitas_Seni_Budaya_BrangWetan\foto_2.jpg,https://www.google.com/maps/place/Komunitas+Seni+Budaya+BrangWetan/data=!4m7!3m6!1s0x2dd7e5e1cea2ef7d:0xb1fdaf66ec4f47f7!8m2!3d-7.3536081!4d112.7248116!16s%2Fg%2F11mhlc7l17!19sChIJfe-izuHl1y0R90dP7Gav_bE?authuser=0&hl=id&rclk=1
Center Point Ballet,"Gwalk Citraland, Ruko Taman Gapura, Blok i No-16, Lontar, Kec. Sambikerep, Surabaya, Jawa Timur 60219",0851-0523-8088,-7.2898919,112.6547849,,Senin (Hari Lahir Pancasila) 	 14.00вАУ19.00 Jam buka dapat berbeda 	 оЕН | Selasa 	 14.00вАУ19.00 	 оЕН | Rabu 	 12.30вАУ19.00 	 оЕН | Kamis 	 14.00вАУ19.00 	 оЕН | Jumat 	 12.30вАУ19.00 	 оЕН | Sabtu 	 09.00вАУ14.00 	 оЕН | Minggu 	 Tutup 	 оЕН,dataset_sanggar\foto_sanggar\Center_Point_Ballet\foto_1.jpg | dataset_sanggar\foto_sanggar\Center_Point_Ballet\foto_2.jpg | dataset_sanggar\foto_sanggar\Center_Point_Ballet\foto_3.jpg | dataset_sanggar\foto_sanggar\Center_Point_Ballet\foto_4.jpg | dataset_sanggar\foto_sanggar\Center_Point_Ballet\foto_5.jpg,https://www.google.com/maps/place/Center+Point+Ballet/data=!4m7!3m6!1s0x2dd7fdf2a2ea5c2d:0xb5df03b5c810fce6!8m2!3d-7.2898919!4d112.6547849!16s%2Fg%2F1hm5lq1nl!19sChIJLVzqovL91y0R5vwQyLUD37U?authuser=0&hl=id&rclk=1
Sanggar Tari Gunung Camar,"Jl. Kertanegara, RT.7/RW.12, Dusun Tratap, Sawotratap, Kec. Gedangan, Kabupaten Sidoarjo, Jawa Timur 61254",0812-4900-6667,-7.3704295,112.7416028,,Senin (Hari Lahir Pancasila) 	 Tutup Jam buka dapat berbeda 	 оЕН | Selasa 	 Tutup 	 оЕН | Rabu 	 Tutup 	 оЕН | Kamis 	 Tutup 	 оЕН | Jumat 	 18.00вАУ20.00 	 оЕН | Sabtu 	 15.00вАУ18.00 	 оЕН | Minggu 	 08.00вАУ11.00 	 оЕН,dataset_sanggar\foto_sanggar\Sanggar_Tari_Gunung_Camar\foto_1.jpg | dataset_sanggar\foto_sanggar\Sanggar_Tari_Gunung_Camar\foto_2.jpg | dataset_sanggar\foto_sanggar\Sanggar_Tari_Gunung_Camar\foto_3.jpg | dataset_sanggar\foto_sanggar\Sanggar_Tari_Gunung_Camar\foto_4.jpg | dataset_sanggar\foto_sanggar\Sanggar_Tari_Gunung_Camar\foto_5.jpg,https://www.google.com/maps/place/Sanggar+Tari+Gunung+Camar/data=!4m7!3m6!1s0x2dd7e5615b719b23:0x7d5c711edec8d7b7!8m2!3d-7.3704295!4d112.7416028!16s%2Fg%2F11vsymvvqs!19sChIJI5txW2Hl1y0Rt9fI3h5xXH0?authuser=0&hl=id&rclk=1
Persewaan Baju Adat Anak - Anak (Ibu Ekawati),"Jl. Gubeng Jaya SR No.46, Gubeng, Kec. Gubeng, Surabaya, Jawa Timur 60281",0856-3200-621,-7.270266,112.7541176,,Senin (Hari Lahir Pancasila) 	 08.00вАУ20.00 Jam buka dapat berbeda 	 оЕН | Selasa 	 08.00вАУ20.00 	 оЕН | Rabu 	 08.00вАУ20.00 	 оЕН | Kamis 	 08.00вАУ20.00 	 оЕН | Jumat 	 08.00вАУ20.00 	 оЕН | Sabtu 	 08.00вАУ20.00 	 оЕН | Minggu 	 08.00вАУ20.00 	 оЕН,dataset_sanggar\foto_sanggar\Persewaan_Baju_Adat_Anak_-_Anak_(Ibu_Ekawati)\foto_1.jpg | dataset_sanggar\foto_sanggar\Persewaan_Baju_Adat_Anak_-_Anak_(Ibu_Ekawati)\foto_2.jpg | dataset_sanggar\foto_sanggar\Persewaan_Baju_Adat_Anak_-_Anak_(Ibu_Ekawati)\foto_3.jpg | dataset_sanggar\foto_sanggar\Persewaan_Baju_Adat_Anak_-_Anak_(Ibu_Ekawati)\foto_4.jpg | dataset_sanggar\foto_sanggar\Persewaan_Baju_Adat_Anak_-_Anak_(Ibu_Ekawati)\foto_5.jpg,https://www.google.com/maps/place/Persewaan+Baju+Adat+Anak+-+Anak+%28Ibu+Ekawati%29/data=!4m7!3m6!1s0x2dd7fb12e7e8293d:0x56e37dcb1da94521!8m2!3d-7.270266!4d112.7541176!16s%2Fg%2F11gjm8nxxm!19sChIJPSno5xL71y0RIUWpHct941Y?authuser=0&hl=id&rclk=1
Sanggar seni reog Ponorogo & tari tradisional/moderen,,0889-8995-0067,-7.284485,112.760761,,,dataset_sanggar\foto_sanggar\Sanggar_seni_reog_Ponorogo_&_tari_tradisionalmoderen\foto_1.jpg | dataset_sanggar\foto_sanggar\Sanggar_seni_reog_Ponorogo_&_tari_tradisionalmoderen\foto_2.jpg | dataset_sanggar\foto_sanggar\Sanggar_seni_reog_Ponorogo_&_tari_tradisionalmoderen\foto_3.jpg,https://www.google.com/maps/place/Sanggar+seni+reog+Ponorogo+%26+tari+tradisional%2Fmoderen/data=!4m7!3m6!1s0x45cfc4681b2e7865:0x384b26e76f693333!8m2!3d-7.284485!4d112.760761!16s%2Fg%2F11z2vr2d_8!19sChIJZXguG2jEz0URMzNpb-cmSzg?authuser=0&hl=id&rclk=1
Sanggar Tari Sembrani Art Community,"Gedung Olahraga, Griya Permata Gedangan, Sikep, Keboansikep, Gedangan, Sidoarjo Regency, East Java 61254",0838-5646-5483,-7.38692,112.7222111,,Senin (Hari Lahir Pancasila) 	 Tutup Jam buka dapat berbeda 	 оЕН | Selasa 	 Tutup 	 оЕН | Rabu 	 Tutup 	 оЕН | Kamis 	 Tutup 	 оЕН | Jumat 	 Tutup 	 оЕН | Sabtu 	 Tutup 	 оЕН | Minggu 	 15.00вАУ17.30 	 оЕН,dataset_sanggar\foto_sanggar\Sanggar_Tari_Sembrani_Art_Community\foto_1.jpg | dataset_sanggar\foto_sanggar\Sanggar_Tari_Sembrani_Art_Community\foto_2.jpg | dataset_sanggar\foto_sanggar\Sanggar_Tari_Sembrani_Art_Community\foto_3.jpg | dataset_sanggar\foto_sanggar\Sanggar_Tari_Sembrani_Art_Community\foto_4.jpg | dataset_sanggar\foto_sanggar\Sanggar_Tari_Sembrani_Art_Community\foto_5.jpg,https://www.google.com/maps/place/Sanggar+Tari+Sembrani+Art+Community/data=!4m7!3m6!1s0x2dd7e4808ea39d47:0x4c6286fe558d9af3!8m2!3d-7.38692!4d112.7222111!16s%2Fg%2F11fy2l8d6v!19sChIJR52jjoDk1y0R85qNVf6GYkw?authuser=0&hl=id&rclk=1
SANGGAR TARI NAIRIDA SEKAR JAGAD,"1D,no, Perumahan Jl. Griya Kencana No.44, Perum Graha Mutiara I, Mojosarirejo, Kec. Driyorejo, Kabupaten Gresik, Jawa Timur 61177",0823-3658-7686,-7.3473094,112.5865395,,Senin (Hari Lahir Pancasila) 	 Tutup Jam buka dapat berbeda 	 оЕН | Selasa 	 Tutup 	 оЕН | Rabu 	 Tutup 	 оЕН | Kamis 	 Tutup 	 оЕН | Jumat 	 Tutup 	 оЕН | Sabtu 	 13.30вАУ17.30 	 оЕН | Minggu 	 Tutup 	 оЕН,dataset_sanggar\foto_sanggar\SANGGAR_TARI_NAIRIDA_SEKAR_JAGAD\foto_1.jpg | dataset_sanggar\foto_sanggar\SANGGAR_TARI_NAIRIDA_SEKAR_JAGAD\foto_2.jpg | dataset_sanggar\foto_sanggar\SANGGAR_TARI_NAIRIDA_SEKAR_JAGAD\foto_3.jpg | dataset_sanggar\foto_sanggar\SANGGAR_TARI_NAIRIDA_SEKAR_JAGAD\foto_4.jpg | dataset_sanggar\foto_sanggar\SANGGAR_TARI_NAIRIDA_SEKAR_JAGAD\foto_5.jpg,https://www.google.com/maps/place/SANGGAR+TARI+NAIRIDA+SEKAR+JAGAD/data=!4m7!3m6!1s0x2e78070079bb783b:0xf2842a1eaafc541e!8m2!3d-7.3473094!4d112.5865395!16s%2Fg%2F11z5bhcqq8!19sChIJO3i7eQAHeC4RHlT8qh4qhPI?authuser=0&hl=id&rclk=1
Sanggar Rias Sekar Melati,"Perum wisma blok XA no.11, Lidah Kulon, Kec. Lakarsantri, Surabaya, Jawa Timur 60213",0812-3454-6166,-7.3040659,112.6585657,Persewaan Kostum,Senin (Hari Lahir Pancasila) 	 07.00вАУ22.00 Jam buka dapat berbeda 	 оЕН | Selasa 	 07.00вАУ22.00 	 оЕН | Rabu 	 07.00вАУ22.00 	 оЕН | Kamis 	 07.00вАУ22.00 	 оЕН | Jumat 	 07.00вАУ22.00 	 оЕН | Sabtu 	 07.00вАУ22.00 	 оЕН | Minggu 	 07.00вАУ22.00 	 оЕН,dataset_sanggar\foto_sanggar\Sanggar_Rias_Sekar_Melati\foto_1.jpg | dataset_sanggar\foto_sanggar\Sanggar_Rias_Sekar_Melati\foto_2.jpg | dataset_sanggar\foto_sanggar\Sanggar_Rias_Sekar_Melati\foto_3.jpg | dataset_sanggar\foto_sanggar\Sanggar_Rias_Sekar_Melati\foto_4.jpg,https://www.google.com/maps/place/Sanggar+Rias+Sekar+Melati/data=!4m7!3m6!1s0x2dd7fdae55555531:0x9ed0288c426d9857!8m2!3d-7.3040659!4d112.6585657!16s%2Fg%2F11cllm6ssq!19sChIJMVVVVa791y0RV5htQowo0J4?authuser=0&hl=id&rclk=1
FIFA YES,"Jl. Jambangan Sawah No.D 40 lantai 2, Jambangan, Surabaya, East Java 60232",0822-3318-1616,-7.3160028,112.7134084,,Senin(Hari Lahir Pancasila)07.00вАУ22.00 Jam buka dapat berbedaоЕН | Selasa07.00вАУ22.00оЕН | Rabu07.00вАУ22.00оЕН | Kamis07.00вАУ22.00оЕН | Jumat07.00вАУ22.00оЕН | Sabtu07.00вАУ22.00оЕН | Minggu07.00вАУ22.00оЕН,dataset_sanggar\foto_sanggar\FIFA_YES\foto_1.jpg | dataset_sanggar\foto_sanggar\FIFA_YES\foto_2.jpg | dataset_sanggar\foto_sanggar\FIFA_YES\foto_3.jpg | dataset_sanggar\foto_sanggar\FIFA_YES\foto_4.jpg | dataset_sanggar\foto_sanggar\FIFA_YES\foto_5.jpg,https://www.google.com/maps/place/FIFA+YES/data=!4m7!3m6!1s0x2dd7fd24ab0ba22d:0xcaef90682bc50188!8m2!3d-7.3160028!4d112.7134084!16s%2Fg%2F11f7306_kp!19sChIJLaILqyT91y0RiAHFK2iQ78o?authuser=0&hl=id&rclk=1
Balai Pemuda Surabaya,"Jl. Gubernur Suryo No.15, Embong Kaliasin, Kec. Genteng, Surabaya, Jawa Timur 60271",,-7.263978,112.7453038,,Senin (Hari Lahir Pancasila) 	 Tutup Jam buka dapat berbeda 	 оЕН | Selasa 	 09.00вАУ21.30 	 оЕН | Rabu 	 09.00вАУ21.30 	 оЕН | Kamis 	 09.00вАУ21.30 	 оЕН | Jumat 	 09.00вАУ21.30 	 оЕН | Sabtu 	 09.00вАУ21.30 	 оЕН | Minggu 	 09.00вАУ21.30 	 оЕН | Senin(Hari Lahir Pancasila)09.00вАУ15.30 Jam buka dapat berbedaоЕН | Selasa09.00вАУ15.30оЕН | Rabu09.00вАУ15.30оЕН | Kamis09.00вАУ15.30оЕН | Jumat09.00вАУ15.00оЕН | Sabtu10.00вАУ14.00оЕН | MingguTutupоЕН,dataset_sanggar\foto_sanggar\Balai_Pemuda_Surabaya\foto_1.jpg,https://www.google.com/maps/place/Balai+Pemuda+Surabaya/data=!4m7!3m6!1s0x2dd7f9617fe40b67:0x987ff0249bb2e08a!8m2!3d-7.263978!4d112.7453038!16s%2Fg%2F1pzr1w7sd!19sChIJZwvkf2H51y0RiuCymyTwf5g?authuser=0&hl=id&rclk=1
Sanggar Tari Rumah Ilmu,"Jl Klakahrejo, Lor Gg. Kalikundang No.50, RT.06/RW.09, Kandangan, Kec. Benowo, Surabaya, Jawa Timur 60198",0812-3089-6309,-7.2485906,112.647846,,,dataset_sanggar\foto_sanggar\Sanggar_Tari_Rumah_Ilmu\foto_1.jpg | dataset_sanggar\foto_sanggar\Sanggar_Tari_Rumah_Ilmu\foto_2.jpg | dataset_sanggar\foto_sanggar\Sanggar_Tari_Rumah_Ilmu\foto_3.jpg | dataset_sanggar\foto_sanggar\Sanggar_Tari_Rumah_Ilmu\foto_4.jpg | dataset_sanggar\foto_sanggar\Sanggar_Tari_Rumah_Ilmu\foto_5.jpg,https://www.google.com/maps/place/Sanggar+Tari+Rumah+Ilmu/data=!4m7!3m6!1s0x2dd7ff004c7acd95:0x11f3386763c5b6e2!8m2!3d-7.2485906!4d112.647846!16s%2Fg%2F11ltjml903!19sChIJlc16TAD_1y0R4rbFY2c48xE?authuser=0&hl=id&rclk=1
Sanggar Seni Gumlegar,"Jl. Abdul Rachman 151 BLK, RT.01 RW.01 Dusun Alas Tipis, Desa Pabean, Kec. Sedati, Kab. Sidoarjo, Dalas Tipis, Pabean, Kec. Sedati, Kabupaten Sidoarjo, Jawa Timur 61253",0813-3202-0668,-7.3660209,112.746466,Event Organizer (EO),Senin (Hari Lahir Pancasila) 	 08.00вАУ22.00 Jam buka dapat berbeda 	 оЕН | Selasa 	 08.00вАУ22.00 	 оЕН | Rabu 	 08.00вАУ22.00 	 оЕН | Kamis 	 08.00вАУ22.00 	 оЕН | Jumat 	 08.00вАУ22.00 	 оЕН | Sabtu 	 08.00вАУ22.00 	 оЕН | Minggu 	 13.00вАУ22.00 	 оЕН,dataset_sanggar\foto_sanggar\Sanggar_Seni_Gumlegar\foto_1.jpg | dataset_sanggar\foto_sanggar\Sanggar_Seni_Gumlegar\foto_2.jpg,https://www.google.com/maps/place/Sanggar+Seni+Gumlegar/data=!4m7!3m6!1s0x2dd7e53f90d1e49d:0x6c2035cb469c2e67!8m2!3d-7.3660209!4d112.746466!16s%2Fg%2F11qzcphlsh!19sChIJneTRkD_l1y0RZy6cRss1IGw?authuser=0&hl=id&rclk=1
Sanggar Senam Bugar,"Sari ll, Jalan Manukan Jl. Raya Manukan Wetan No.12 Blok 3 F, Manukan Kulon, Kec. Tandes, Surabaya, Jawa Timur 60185",0822-4443-7569,-7.2646107,112.6658351,,Senin (Hari Lahir Pancasila) 	 07.00вАУ08.00 Jam buka dapat berbeda 	 оЕН | Selasa 	 Tutup 	 оЕН | Rabu 	 07.00вАУ08.00 	 оЕН | Kamis 	 Tutup 	 оЕН | Jumat 	 Tutup 	 оЕН | Sabtu 	 Tutup 	 оЕН | Minggu 	 Tutup 	 оЕН,dataset_sanggar\foto_sanggar\Sanggar_Senam_Bugar\foto_1.jpg | dataset_sanggar\foto_sanggar\Sanggar_Senam_Bugar\foto_2.jpg | dataset_sanggar\foto_sanggar\Sanggar_Senam_Bugar\foto_3.jpg | dataset_sanggar\foto_sanggar\Sanggar_Senam_Bugar\foto_4.jpg,https://www.google.com/maps/place/Sanggar+Senam+Bugar/data=!4m7!3m6!1s0x2dd7ff255b5ee0e7:0x4ffb6c2190ef52bd!8m2!3d-7.2646107!4d112.6658351!16s%2Fg%2F11g0g63skh!19sChIJ5-BeWyX_1y0RvVLvkCFs-08?authuser=0&hl=id&rclk=1
Bima Putra,"QQ9C+W2H, Jl. Tanah Merah III, Tanah Kali Kedinding, Kec. Kenjeran, Surabaya, Jawa Timur 60129",0877-3306-700,-7.2301822,112.7701035,,Senin (Hari Lahir Pancasila) 	 09.00вАУ21.00 Jam buka dapat berbeda 	 оЕН | Selasa 	 09.00вАУ21.00 	 оЕН | Rabu 	 09.00вАУ21.00 	 оЕН | Kamis 	 09.00вАУ21.00 	 оЕН | Jumat 	 09.00вАУ21.00 	 оЕН | Sabtu 	 09.00вАУ21.00 	 оЕН | Minggu 	 09.00вАУ21.00 	 оЕН,dataset_sanggar\foto_sanggar\Bima_Putra\foto_1.jpg | dataset_sanggar\foto_sanggar\Bima_Putra\foto_2.jpg | dataset_sanggar\foto_sanggar\Bima_Putra\foto_3.jpg | dataset_sanggar\foto_sanggar\Bima_Putra\foto_4.jpg | dataset_sanggar\foto_sanggar\Bima_Putra\foto_5.jpg,https://www.google.com/maps/place/Bima+Putra/data=!4m7!3m6!1s0x2dd7f9ac1e379ecb:0x5b3b76559b8840de!8m2!3d-7.2301822!4d112.7701035!16s%2Fg%2F11b6cb3bqx!19sChIJy543Hqz51y0R3kCIm1V2O1s?authuser=0&hl=id&rclk=1
Hp seken sby barat,"Jl. Tambak Pring Tim. Gg. Ps., Asem Rowo, Kec. Asem Rowo, Surabaya, Jawa Timur 60182",0878-2277-4441,-7.2498947,112.7066089,Kelas tari hip hop,Senin (Hari Lahir Pancasila) 	 Buka 24 jam Jam buka dapat berbeda 	 оЕН | Selasa 	 Buka 24 jam 	 оЕН | Rabu 	 Buka 24 jam 	 оЕН | Kamis 	 Buka 24 jam 	 оЕН | Jumat 	 Buka 24 jam 	 оЕН | Sabtu 	 Buka 24 jam 	 оЕН | Minggu 	 Buka 24 jam 	 оЕН,dataset_sanggar\foto_sanggar\Hp_seken_sby_barat\foto_1.jpg | dataset_sanggar\foto_sanggar\Hp_seken_sby_barat\foto_2.jpg | dataset_sanggar\foto_sanggar\Hp_seken_sby_barat\foto_3.jpg | dataset_sanggar\foto_sanggar\Hp_seken_sby_barat\foto_4.jpg | dataset_sanggar\foto_sanggar\Hp_seken_sby_barat\foto_5.jpg,https://www.google.com/maps/place/Hp+seken+sby+barat/data=!4m7!3m6!1s0x2dd7ff0a669ebde3:0x4e451b37ae44b853!8m2!3d-7.2498947!4d112.7066089!16s%2Fg%2F11frm6n66s!19sChIJ472eZgr_1y0RU7hErjcbRU4?authuser=0&hl=id&rclk=1
Sanggar Sekar Adi Wiromo,"perum graha angkasa RRI blok f 12, Balongpoh, Kedungrejo, Kec. Waru, Kabupaten Sidoarjo, Jawa Timur 61256",0815-5403-4724,-7.3524108,112.7366826,,Senin (Hari Lahir Pancasila) 	 Buka 24 jam Jam buka dapat berbeda 	 оЕН | Selasa 	 Buka 24 jam 	 оЕН | Rabu 	 Buka 24 jam 	 оЕН | Kamis 	 Buka 24 jam 	 оЕН | Jumat 	 Buka 24 jam 	 оЕН | Sabtu 	 Buka 24 jam 	 оЕН | Minggu 	 Buka 24 jam 	 оЕН,dataset_sanggar\foto_sanggar\Sanggar_Sekar_Adi_Wiromo\foto_1.jpg | dataset_sanggar\foto_sanggar\Sanggar_Sekar_Adi_Wiromo\foto_2.jpg | dataset_sanggar\foto_sanggar\Sanggar_Sekar_Adi_Wiromo\foto_3.jpg | dataset_sanggar\foto_sanggar\Sanggar_Sekar_Adi_Wiromo\foto_4.jpg | dataset_sanggar\foto_sanggar\Sanggar_Sekar_Adi_Wiromo\foto_5.jpg,https://www.google.com/maps/place/Sanggar+Sekar+Adi+Wiromo/data=!4m7!3m6!1s0x2dd7e4b5d050db55:0x4ebd9ba7fc330b91!8m2!3d-7.3524108!4d112.7366826!16s%2Fg%2F11g9nfjbxv!19sChIJVdtQ0LXk1y0RkQsz_KebvU4?authuser=0&hl=id&rclk=1
"Sanggar Rias & Busana "" BU SUFIE ""","Jl. Kendangsari Gg. Lebar No.134, Kendangsari, Kec. Tenggilis Mejoyo, Surabaya, Jawa Timur 60292",0813-3033-7300,-7.3230594,112.752295,,,dataset_sanggar\foto_sanggar\Sanggar_Rias_&_Busana__BU_SUFIE\foto_1.jpg | dataset_sanggar\foto_sanggar\Sanggar_Rias_&_Busana__BU_SUFIE\foto_2.jpg | dataset_sanggar\foto_sanggar\Sanggar_Rias_&_Busana__BU_SUFIE\foto_3.jpg | dataset_sanggar\foto_sanggar\Sanggar_Rias_&_Busana__BU_SUFIE\foto_4.jpg | dataset_sanggar\foto_sanggar\Sanggar_Rias_&_Busana__BU_SUFIE\foto_5.jpg,https://www.google.com/maps/place/Sanggar+Rias+%26+Busana+%22+BU+SUFIE+%22/data=!4m7!3m6!1s0x2dd7fb200880d34d:0x90d2d73fa7818ec4!8m2!3d-7.3230594!4d112.752295!16s%2Fg%2F11gh6db32x!19sChIJTdOACCD71y0RxI6Bpz_X0pA?authuser=0&hl=id&rclk=1
Harmony,"Ruko Raya Panjang Jiwo Permai, Jl. Raya Panjang Jiwo Permai Blok A-8 No. 1A/11, Panjang Jiwo, Kec. Tenggilis Mejoyo, Surabaya, Jawa Timur 60299",(031) 84997499,-7.3101397,112.7679853,,Senin (Hari Lahir Pancasila) 	 09.00вАУ19.00 Jam buka dapat berbeda 	 оЕН | Selasa 	 09.00вАУ19.00 	 оЕН | Rabu 	 09.00вАУ19.00 	 оЕН | Kamis 	 09.00вАУ19.00 	 оЕН | Jumat 	 09.00вАУ19.00 	 оЕН | Sabtu 	 09.00вАУ14.00 	 оЕН | Minggu 	 Tutup 	 оЕН,dataset_sanggar\foto_sanggar\Harmony\foto_1.jpg | dataset_sanggar\foto_sanggar\Harmony\foto_2.jpg | dataset_sanggar\foto_sanggar\Harmony\foto_3.jpg | dataset_sanggar\foto_sanggar\Harmony\foto_4.jpg | dataset_sanggar\foto_sanggar\Harmony\foto_5.jpg,https://www.google.com/maps/place/Harmony/data=!4m7!3m6!1s0x2dd7fafebaeb9199:0xa9daaf84722785f0!8m2!3d-7.3101397!4d112.7679853!16s%2Fg%2F11b77hh3_v!19sChIJmZHruv761y0R8IUncoSv2qk?authuser=0&hl=id&rclk=1
B'beat Music & Traditional Dance,"Perum. Jade Hamlet, Ivory II, Blk. B No.34, Bandut, Drancang, Kec. Menganti, Kabupaten Gresik, Jawa Timur 61174",0838-3128-2724,-7.2777208,112.5897387,,Senin (Hari Lahir Pancasila) 	 09.00вАУ18.00 Jam buka dapat berbeda 	 оЕН | Selasa 	 09.00вАУ18.00 	 оЕН | Rabu 	 09.00вАУ18.00 	 оЕН | Kamis 	 09.00вАУ18.00 	 оЕН | Jumat 	 13.00вАУ18.00 	 оЕН | Sabtu 	 09.00вАУ18.00 	 оЕН | Minggu 	 09.00вАУ18.00 	 оЕН,dataset_sanggar\foto_sanggar\B'beat_Music_&_Traditional_Dance\foto_1.jpg | dataset_sanggar\foto_sanggar\B'beat_Music_&_Traditional_Dance\foto_2.jpg | dataset_sanggar\foto_sanggar\B'beat_Music_&_Traditional_Dance\foto_3.jpg | dataset_sanggar\foto_sanggar\B'beat_Music_&_Traditional_Dance\foto_4.jpg | dataset_sanggar\foto_sanggar\B'beat_Music_&_Traditional_Dance\foto_5.jpg,https://www.google.com/maps/place/B%27beat+Music+%26+Traditional+Dance/data=!4m7!3m6!1s0x2e78071d2d73bc75:0xdf91293afb141890!8m2!3d-7.2777208!4d112.5897387!16s%2Fg%2F11fpjp5_nk!19sChIJdbxzLR0HeC4RkBgU-zopkd8?authuser=0&hl=id&rclk=1
Sanggar Senam Ayu,"JPHC+RJH, Jl. Beringin 1, RT.8/RW.1, Dusun Bangah Barat, Bangah, Kec. Gedangan, Kabupaten Sidoarjo, Jawa Timur 61254",0812-3597-3542,-7.3704374,112.7216054,,Senin (Hari Lahir Pancasila) 	 19.00вАУ20.00 Jam buka dapat berbeda 	 оЕН | Selasa 	 Tutup 	 оЕН | Rabu 	 19.00вАУ20.00 	 оЕН | Kamis 	 Tutup 	 оЕН | Jumat 	 19.00вАУ20.00 	 оЕН | Sabtu 	 Tutup 	 оЕН | Minggu 	 Tutup 	 оЕН,dataset_sanggar\foto_sanggar\Sanggar_Senam_Ayu\foto_1.jpg | dataset_sanggar\foto_sanggar\Sanggar_Senam_Ayu\foto_2.jpg,https://www.google.com/maps/place/Sanggar+Senam+Ayu/data=!4m7!3m6!1s0x2dd7e510160e0327:0x6a4f53dbac69c1d!8m2!3d-7.3704374!4d112.7216054!16s%2Fg%2F11g24nqsr6!19sChIJJwMOFhDl1y0RHZzGuj31pAY?authuser=0&hl=id&rclk=1
YOERRY'S School Of Talent CITO,"City of Tomorrow, Lantai Dasar, Blok.GS/35 No.01 - 05, Jl. Ahmad Yani No.288, Dukuh Menanggal, Kec. Gayungan, Surabaya, Jawa Timur 60234",0822-3459-1006,-7.3453009,112.727689,,Senin (Hari Lahir Pancasila) 	 Tutup Jam buka dapat berbeda 	 оЕН | Selasa 	 12.00вАУ20.00 	 оЕН | Rabu 	 12.00вАУ20.00 	 оЕН | Kamis 	 12.00вАУ20.00 	 оЕН | Jumat 	 12.00вАУ20.00 	 оЕН | Sabtu 	 12.00вАУ20.00 	 оЕН | Minggu 	 12.00вАУ20.00 	 оЕН,dataset_sanggar\foto_sanggar\YOERRY'S_School_Of_Talent_CITO\foto_1.jpg | dataset_sanggar\foto_sanggar\YOERRY'S_School_Of_Talent_CITO\foto_2.jpg | dataset_sanggar\foto_sanggar\YOERRY'S_School_Of_Talent_CITO\foto_3.jpg | dataset_sanggar\foto_sanggar\YOERRY'S_School_Of_Talent_CITO\foto_4.jpg | dataset_sanggar\foto_sanggar\YOERRY'S_School_Of_Talent_CITO\foto_5.jpg,https://www.google.com/maps/place/YOERRY%27S+School+Of+Talent+CITO/data=!4m7!3m6!1s0x2dd7f910e8a4ff09:0x1e50c3fea5195354!8m2!3d-7.3453009!4d112.727689!16s%2Fg%2F11bxdd755j!19sChIJCf-k6BD51y0RVFMZpf7DUB4?authuser=0&hl=id&rclk=1
Sanggar Umaseni,"Gg. Goa Pesantren V, RT.14/RW.3, Sidopurno 1, Sidokepung, Kec. Buduran, Kabupaten Sidoarjo, Jawa Timur 61252",,-7.4156675,112.708258,,Senin (Hari Lahir Pancasila) 	 Buka 24 jam Jam buka dapat berbeda 	 оЕН | Selasa 	 Buka 24 jam 	 оЕН | Rabu 	 Buka 24 jam 	 оЕН | Kamis 	 Buka 24 jam 	 оЕН | Jumat 	 Buka 24 jam 	 оЕН | Sabtu 	 Buka 24 jam 	 оЕН | Minggu 	 Buka 24 jam 	 оЕН,dataset_sanggar\foto_sanggar\Sanggar_Umaseni\foto_1.jpg | dataset_sanggar\foto_sanggar\Sanggar_Umaseni\foto_2.jpg | dataset_sanggar\foto_sanggar\Sanggar_Umaseni\foto_3.jpg | dataset_sanggar\foto_sanggar\Sanggar_Umaseni\foto_4.jpg | dataset_sanggar\foto_sanggar\Sanggar_Umaseni\foto_5.jpg,https://www.google.com/maps/place/Sanggar+Umaseni/data=!4m7!3m6!1s0x2dd7e3e564a589d5:0xc3c7b4d9565dfda2!8m2!3d-7.4156675!4d112.708258!16s%2Fg%2F11rt_31z3c!19sChIJ1YmlZOXj1y0Rov1dVtm0x8M?authuser=0&hl=id&rclk=1
Sanggar Senam Sherina,"Cemandi, Kec. Sedati, Kabupaten Sidoarjo, Jawa Timur 61253",0813-3243-8003,-7.3935967,112.7830889,,Senin (Hari Lahir Pancasila) 	 18.30вАУ19.30 Jam buka dapat berbeda 	 оЕН | Selasa 	 Tutup 	 оЕН | Rabu 	 18.30вАУ19.30 	 оЕН | Kamis 	 Tutup 	 оЕН | Jumat 	 18.30вАУ19.30 	 оЕН | Sabtu 	 09.00вАУ17.00 	 оЕН | Minggu 	 09.00вАУ17.00 	 оЕН,dataset_sanggar\foto_sanggar\Sanggar_Senam_Sherina\foto_1.jpg | dataset_sanggar\foto_sanggar\Sanggar_Senam_Sherina\foto_2.jpg | dataset_sanggar\foto_sanggar\Sanggar_Senam_Sherina\foto_3.jpg | dataset_sanggar\foto_sanggar\Sanggar_Senam_Sherina\foto_4.jpg | dataset_sanggar\foto_sanggar\Sanggar_Senam_Sherina\foto_5.jpg,https://www.google.com/maps/place/Sanggar+Senam+Sherina/data=!4m7!3m6!1s0x2dd7e522f68513ad:0xbd3a1d9d191feb70!8m2!3d-7.3935967!4d112.7830889!16s%2Fg%2F11frtghjlc!19sChIJrROF9iLl1y0RcOsfGZ0dOr0?authuser=0&hl=id&rclk=1
Sekolah Modelling Safira,"Jl. Raya Pancawarna No.11d ab27, Mulung, Kec. Driyorejo, Kabupaten Gresik, Jawa Timur 61177",0819-3102-0084,-7.3399172,112.6399441,,,dataset_sanggar\foto_sanggar\Sekolah_Modelling_Safira\foto_1.jpg | dataset_sanggar\foto_sanggar\Sekolah_Modelling_Safira\foto_2.jpg | dataset_sanggar\foto_sanggar\Sekolah_Modelling_Safira\foto_3.jpg | dataset_sanggar\foto_sanggar\Sekolah_Modelling_Safira\foto_4.jpg | dataset_sanggar\foto_sanggar\Sekolah_Modelling_Safira\foto_5.jpg,https://www.google.com/maps/place/Sekolah+Modelling+Safira/data=!4m7!3m6!1s0x2dd7fd7126e9491f:0xe637c4d59dc2187c!8m2!3d-7.3399172!4d112.6399441!16s%2Fg%2F11g4cj0kq8!19sChIJH0npJnH91y0RfBjCndXEN-Y?authuser=0&hl=id&rclk=1
Sanggar Tari Bima Sakti,,0821-4000-6537,-7.2756194,112.7126838,,Senin (Hari Lahir Pancasila) 	 Tutup Jam buka dapat berbeda 	 оЕН | Selasa 	 Tutup 	 оЕН | Rabu 	 Tutup 	 оЕН | Kamis 	 Tutup 	 оЕН | Jumat 	 15.00вАУ18.00 	 оЕН | Sabtu 	 15.00вАУ18.00 	 оЕН | Minggu 	 Tutup 	 оЕН,dataset_sanggar\foto_sanggar\Sanggar_Tari_Bima_Sakti\foto_1.jpg | dataset_sanggar\foto_sanggar\Sanggar_Tari_Bima_Sakti\foto_2.jpg | dataset_sanggar\foto_sanggar\Sanggar_Tari_Bima_Sakti\foto_3.jpg | dataset_sanggar\foto_sanggar\Sanggar_Tari_Bima_Sakti\foto_4.jpg,https://www.google.com/maps/place/Sanggar+Tari+Bima+Sakti/data=!4m7!3m6!1s0x6e762b6461a08ae5:0x6221e9e54e39fcd1!8m2!3d-7.2756194!4d112.7126838!16s%2Fg%2F11ydnc_ns4!19sChIJ5YqgYWQrdm4R0fw5TuXpIWI?authuser=0&hl=id&rclk=1
