nama,alamat,telepon,latitude,longitude,deskripsi,jam_buka,foto,link_maps
Sanggar Tari Sekar Tunjung,"Jl. Simo Katrungan Kidul No.33, Banyu Urip, Kec. Sawahan, Surabaya, Jawa Timur 60524",0821-4367-5609,"-7,2706115","112,7141571",,Senin (Hari Lahir Pancasila) 	 09.00вЂ“20.00 Jam buka dapat berbeda 	 о…Ќ | Selasa 	 09.00вЂ“20.00 	 о…Ќ | Rabu 	 09.00вЂ“20.00 	 о…Ќ | Kamis 	 09.00вЂ“20.00 	 о…Ќ | Jumat 	 Buka 24 jam 	 о…Ќ | Sabtu 	 12.00вЂ“21.00 	 о…Ќ | Minggu 	 Buka 24 jam 	 о…Ќ | Senin(Hari Lahir Pancasila)08.00вЂ“19.00 Jam buka dapat berbedaо…Ќ | Selasa08.00вЂ“19.00о…Ќ | Rabu08.00вЂ“19.00о…Ќ | Kamis08.00вЂ“19.00о…Ќ | JumatBuka 24 jamо…Ќ | Sabtu08.00вЂ“19.00о…Ќ | MingguBuka 24 jamо…Ќ,https://live.staticflickr.com/5747/30772213152_07aecbc40c_b.jpg | https://tse3.mm.bing.net/th/id/OIP.-Yc0o-AZ5ejbb3fjtTwyXgHaHa?r=0&rs=1&pid=ImgDetMain&o=7&rm=3 ,https://www.google.com/maps/place/Sanggar+Tari+Sekar+Tunjung/data=!4m7!3m6!1s0x2dd7fda56a0d7d05:0xa8b40def32daa15b!8m2!3d-7.2706115!4d112.7141571!16s%2Fg%2F11f8h5z05t!19sChIJBX0NaqX91y0RW6HaMu8NtKg?authuser=0&hl=id&rclk=1
Marlupi Dance Academy cab Ngagel (MDA NGAGEL),"Jl. Ngagel Jaya Tengah No.2, Pucang Sewu, Kec. Gubeng, Surabaya, Jawa Timur 60283",0813-3535-1580,"-7,2914482","112,7528804",,Senin (Hari Lahir Pancasila) 	 15.00вЂ“19.30 Jam buka dapat berbeda 	 о…Ќ | Selasa 	 15.00вЂ“19.30 	 о…Ќ | Rabu 	 15.00вЂ“19.30 	 о…Ќ | Kamis 	 15.00вЂ“19.30 	 о…Ќ | Jumat 	 15.00вЂ“19.30 	 о…Ќ | Sabtu 	 09.00вЂ“15.00 	 о…Ќ | Minggu 	 Tutup 	 о…Ќ,https://yt3.googleusercontent.com/ytc/AIdro_kLpEbwulEPCEititgMWf9yGodPtpQWuFEvfGpWGfX7p40=s900-c-k-c0x00ffffff-no-rj | https://i.ytimg.com/vi/hHR_vRGu1QQ/maxresdefault.jpg ,https://www.google.com/maps/place/Marlupi+Dance+Academy+cab+Ngagel+%28MDA+NGAGEL%29/data=!4m7!3m6!1s0x2dd7fbb6e85de033:0xc7d8f2c40cce5b7f!8m2!3d-7.2914482!4d112.7528804!16s%2Fg%2F1ptzm0w5f!19sChIJM-Bd6Lb71y0Rf1vODMTy2Mc?authuser=0&hl=id&rclk=1
Sanggar Tari Arbaya,"Jl. Gubernur Suryo No.11, RT.000/RW.00, Embong Kaliasin, Kec. Genteng, Surabaya, Jawa Timur 60271",0896-9029-4600,"-7,2637474","112,7448196",,Senin (Hari Lahir Pancasila)          08.00вЂ“21.00 Jam buka dapat berbeda          о…Ќ | Selasa          08.00вЂ“21.00          о…Ќ | Rabu          08.00вЂ“21.00          о…Ќ | Kamis          08.00вЂ“21.00          о…Ќ | Jumat          08.00вЂ“21.00          о…Ќ | Sabtu          Buka 24 jam          о…Ќ | Minggu          Tutup          о…Ќ,https://tse2.mm.bing.net/th/id/OIP.h1385o1UqY69Ft3ytAab8gHaFv?rs=1&pid=ImgDetMain&o=7&rm=3 | https://tse4.mm.bing.net/th/id/OIP.k5IT5I0OWsTTS8RgOqMTbwHaE7?rs=1&pid=ImgDetMain&o=7&rm=3 ,https://www.google.com/maps/place/Sanggar+Tari+Arbaya/data=!4m7!3m6!1s0x2dd7f9cb95807085:0x901331ff775eb087!8m2!3d-7.2637474!4d112.7448196!16s%2Fg%2F11j02zp8mf!19sChIJhXCAlcv51y0Rh7Bed_8xE5A?authuser=0&hl=id&rclk=1
Sanggar tari prastika surabaya,"Kantor Kelurahan Kebraon, Jalan Griya Kebraon No. 1, Kebraon, Karang Pilang, Kebraon, Kec. Karangpilang, Surabaya, Jawa Timur 60222",0821-3971-8788,"-0,7333299","112,6990387",,,https://tse3.mm.bing.net/th/id/OIP.WaVNlOKK0-NtGwa_MP8h6wHaHa?rs=1&pid=ImgDetMain&o=7&rm=3 | https://tse2.mm.bing.net/th/id/OIP.qNSrVAGjCrIaNZ1mywpQTwHaHa?rs=1&pid=ImgDetMain&o=7&rm=3 | https://4.bp.blogspot.com/-cqu_nhOsiHw/WXvmJRt4s9I/AAAAAAAAATg/0FymlUugRjg0LKQbtoe1iVrL4cXm-x_FgCLcBGAs/s1600/1501171934460.jpg ,Dance Prastika
Dojo Ngagel Surabaya,"Ngagel Madya Surabaya, (seberang Gereja Katolik SMTB) Indonesia, Baratajaya, Kec. Gubeng, Jawa Timur, 60284",0878-5451-7771,"-7,2888427","112,7598657",,Senin (Hari Lahir Pancasila) 	 07.00вЂ“22.00 Jam buka dapat berbeda 	 о…Ќ | Selasa 	 07.00вЂ“22.00 	 о…Ќ | Rabu 	 07.00вЂ“22.00 	 о…Ќ | Kamis 	 07.00вЂ“22.00 	 о…Ќ | Jumat 	 07.00вЂ“22.00 	 о…Ќ | Sabtu 	 07.00вЂ“22.00 	 о…Ќ | Minggu 	 07.00вЂ“22.00 	 о…Ќ,https://memorandum.disway.id/upload/037d6a3e3dde2fe0385631f02abcbf6a.jpg | https://kyokushin-indonesia.com/wp-content/uploads/2019/02/JST_8512-copy.jpg | https://tse4.mm.bing.net/th/id/OIP.Dy2PTyz9ohmCJvmvTtDuiAHaEK?rs=1&pid=ImgDetMain&o=7&rm=3 ,https://www.google.com/maps/place/Dojo+Ngagel+Surabaya/data=!4m7!3m6!1s0x2dd7fbb4558d4f17:0xb632da5d7af61313!8m2!3d-7.2888427!4d112.7598657!16s%2Fg%2F1hc4b49vd!19sChIJF0-NVbT71y0RExP2el3aMrY?authuser=0&hl=id&rclk=1
Sanggar mimi 2,"Jl. Jagir Sidomukti Lebar No.11, Jagir, Kec. Wonokromo, Surabaya, Jawa Timur 60244",0895-4104-68786,"-7,3031464","112,7475949",,Senin (Hari Lahir Pancasila) 	 08.00вЂ“22.00 Jam buka dapat berbeda 	 о…Ќ | Selasa 	 08.00вЂ“22.00 	 о…Ќ | Rabu 	 08.00вЂ“22.00 	 о…Ќ | Kamis 	 08.00вЂ“22.00 	 о…Ќ | Jumat 	 08.00вЂ“22.00 	 о…Ќ | Sabtu 	 08.00вЂ“22.00 	 о…Ќ | Minggu 	 08.00вЂ“22.00 	 о…Ќ,https://assets.rakcer.id/main/2023/02/tari-topeng.jpg | https://tse2.mm.bing.net/th/id/OIP.9TMkdvaO7YxW-nT2VBUbRgHaE8?rs=1&pid=ImgDetMain&o=7&rm=3 | https://i.pinimg.com/736x/67/a6/39/67a63989f7c57852c72c35952ad96f13.jpg ,https://www.google.com/maps/place/Sanggar+mimi+2/data=!4m7!3m6!1s0x2dd7fb7afcde69c5:0xd838d1bf4be79d0a!8m2!3d-7.3031464!4d112.7475949!16s%2Fg%2F11sn_3gc51!19sChIJxWne_Hr71y0RCp3nS7_RONg?authuser=0&hl=id&rclk=1
Sanggar seni tari reog & tari tradisional,"Gubeng Jaya III No.30, RT.017/RW.02, Gubeng, Kec. Gubeng, Surabaya, Jawa Timur 60281",,"-7,2705988","112,7531128",,,https://tse4.mm.bing.net/th/id/OIP.thC1rX2SBBpyVPAglK67rwHaE8?rs=1&pid=ImgDetMain&o=7&rm=3 | https://static.republika.co.id/uploads/images/inpicture_slide/sejumlah-penari-menarikan-tarian-reog-ponorogo-saat-kunjungan-delegasi_220929172919-393.jpg | https://tse2.mm.bing.net/th/id/OIP.PDpjyxOFU247vC1DY28tqQHaE8?rs=1&pid=ImgDetMain&o=7&rm=3 ,https://www.google.com/maps/place/Sanggar+seni+tari+reog+%26+tari+tradisional/data=!4m7!3m6!1s0x2dd7fb0001c77a67:0x901d8d227a3cd786!8m2!3d-7.2705988!4d112.7531128!16s%2Fg%2F11z3xz7774!19sChIJZ3rHAQD71y0Rhtc8eiKNHZA?authuser=0&hl=id&rclk=1
Tydif Studio,"Jl. Simo Gn. Barat I No.15, Simomulyo, Kec. Sukomanunggal, Surabaya, Jawa Timur 60281",0813-5716-7857,"-7,2701909","112,7103556",,Senin (Hari Lahir Pancasila) 	 09.00вЂ“21.00 Jam buka dapat berbeda 	 о…Ќ | Selasa 	 09.00вЂ“21.00 	 о…Ќ | Rabu 	 09.00вЂ“21.00 	 о…Ќ | Kamis 	 09.00вЂ“21.00 	 о…Ќ | Jumat 	 09.00вЂ“21.00 	 о…Ќ | Sabtu 	 09.00вЂ“21.00 	 о…Ќ | Minggu 	 09.00вЂ“21.00 	 о…Ќ,https://blogger.googleusercontent.com/img/b/R29vZ2xl/AVvXsEie_xqUPdmP2z4iUV7GG1VFPO26bAg1o__nCz7_lCfSFn-pXI6TfbNUzDDNHZ39Ue2T68DD0Bi7bqn7e9mL92PwMSukmAMwkRtbz05jOAPN2VrmJaNtycvyqyTKfNRoyqfAuVOv_agPybU/s1600/TYDIF.jpg | https://i.ytimg.com/vi/epdz7kMEsB0/hqdefault.jpg | https://i.pinimg.com/736x/df/84/2c/df842cada7d1ab3beb520b763d5c2fde.jpg ,https://www.google.com/maps/place/Tydif+Studio/data=!4m7!3m6!1s0x2dd7fd24ff06b997:0x4ad03a05fd48271b!8m2!3d-7.2701909!4d112.7103556!16s%2Fg%2F11hz0scfzr!19sChIJl7kG_yT91y0RGydI_QU60Eo?authuser=0&hl=id&rclk=1
Sanggar Tari Mulyojoyo Enterprise,"Jl. Tambak Medokan Ayu Gg. II No.100, Medokan Ayu, Kec. Rungkut, Surabaya, Jawa Timur 60295",0813-5153-1006,"-7,3263975","112,7995633",,Senin (Hari Lahir Pancasila) 	 08.00вЂ“21.00 Jam buka dapat berbeda 	 о…Ќ | Selasa 	 08.00вЂ“21.00 	 о…Ќ | Rabu 	 08.00вЂ“21.00 	 о…Ќ | Kamis 	 08.00вЂ“21.00 	 о…Ќ | Jumat 	 08.00вЂ“21.00 	 о…Ќ | Sabtu 	 08.00вЂ“21.00 	 о…Ќ | Minggu 	 08.00вЂ“21.00 	 о…Ќ,https://tse4.mm.bing.net/th/id/OIP.WJds_lYnmLsTGz5JCPkO_AHaHa?rs=1&pid=ImgDetMain&o=7&rm=3 | https://i.pinimg.com/originals/ce/d6/9b/ced69bc2c1826a0caaa47e5a4aeedcf1.jpg | https://tse3.mm.bing.net/th/id/OIP.YStoiC0c4kSoME4MoL7mWAHaEK?w=1280&h=720&rs=1&pid=ImgDetMain&o=7&rm=3 ,https://www.google.com/maps/place/Sanggar+Tari+Mulyojoyo+Enterprise/data=!4m7!3m6!1s0x2dd7fbf55dbcb303:0x34c8b9d4a6400b29!8m2!3d-7.3263975!4d112.7995633!16s%2Fg%2F11fp8knz2p!19sChIJA7O8XfX71y0RKQtAptS5yDQ?authuser=0&hl=id&rclk=1
Sanggar Tari Kalimas,"Jl. Rungkut Menanggal Harapan Blok A No. 28, Rungkut Menanggal, Gunung Anyar, Surabaya, East Java 60293",0813-3077-8435,"-0,7338663","112,7756774",,,https://i.ytimg.com/vi/ZSk_yJb3qyo/maxresdefault.jpg | https://i.ytimg.com/vi/p3vvdetmokU/maxresdefault.jpg | https://th.bing.com/th/id/OIP.NUWoJ-YG-Oi0USiCbo6DIQHaEK?o=7rm=3&rs=1&pid=ImgDetMain&o=7&rm=3 ,https://www.google.com/maps/place/Sanggar+Tari+Kalimas/data=!4m7!3m6!1s0x2dd7fb9f42bc71fb:0x3d1dcddc4b602cc7!8m2!3d-7.338663!4d112.7756774!16s%2Fg%2F11pc3lbb5l!19sChIJ-3G8Qp_71y0RxyxgS9zNHT0?authuser=0&hl=id&rclk=1
Sanggar Xtd'official,"Jl. Bumiarjo V No.95, Sawunggaling, Kec. Wonokromo, Surabaya, Jawa Timur 60242",0857-9747-6605,"-7,2963861","112,7342545",,Senin (Hari Lahir Pancasila) 	 Tutup Jam buka dapat berbeda 	 о…Ќ | Selasa 	 Tutup 	 о…Ќ | Rabu 	 Tutup 	 о…Ќ | Kamis 	 Tutup 	 о…Ќ | Jumat 	 09.00вЂ“17.00 	 о…Ќ | Sabtu 	 Tutup 	 о…Ќ | Minggu 	 09.00вЂ“17.00 	 о…Ќ,https://i.ytimg.com/vi/yezqshy8-VE/maxresdefault.jpg?sqp=-oaymwEmCIAKENAF8quKqQMa8AEB-AH-CYAC0AWKAgwIABABGGUgUChJMA8=&rs=AOn4CLBfOlGij1HHDavs8lO5rvwt_NZkdg | https://tse3.mm.bing.net/th/id/OIP.rJKTguv9D_UXGQsEA2NOeQHaE8?rs=1&pid=ImgDetMain&o=7&rm=3 ,https://www.google.com/maps/place/Sanggar+Xtd%27official/data=!4m7!3m6!1s0x2dd7fb8cbbb97639:0x7795dee548fc7b52!8m2!3d-7.2963861!4d112.7342545!16s%2Fg%2F11np3c7052!19sChIJOXa5u4z71y0RUnv8SOXelXc?authuser=0&hl=id&rclk=1
Sanggar Fifa,"Jambangan Baru Iv No.41 Blok D, Jambangan, Kec. Jambangan, Surabaya, Jawa Timur 60232",0813-3242-8726,"-7,3146782","112,7130616",,Senin(Hari Lahir Pancasila)09.00вЂ“21.00 Jam buka dapat berbedaо…Ќ | Selasa09.00вЂ“21.00о…Ќ | Rabu09.00вЂ“21.00о…Ќ | Kamis09.00вЂ“21.00о…Ќ | Jumat09.00вЂ“21.00о…Ќ | Sabtu09.00вЂ“21.00о…Ќ | Minggu09.00вЂ“21.00о…Ќ,https://i.ytimg.com/vi/76EUM5F5vko/maxresdefault.jpg?sqp=-oaymwEmCIAKENAF8quKqQMa8AEB-AH-CYAC0AWKAgwIABABGFsgYyhlMA8=&rs=AOn4CLBFLIER0VcByXVmQ9IeVY70i9k3fw | https://i.ytimg.com/vi/F8k6wILAUgE/maxresdefault.jpg | https://i.ytimg.com/vi/SUIvnGseKU4/maxresdefault.jpg?sqp=-oaymwEmCIAKENAF8quKqQMa8AEB-AH-CYAC0AWKAgwIABABGGUgZShlMA8=&rs=AOn4CLCX52v1cl0jFM0tjW1zgMGWHrfEYA ,https://www.google.com/maps/place/Sanggar+Fifa/data=!4m7!3m6!1s0x2dd7fc82239677eb:0x15071aca772f0e05!8m2!3d-7.3146782!4d112.7130616!16s%2Fg%2F11ggtcn_xz!19sChIJ63eWI4L81y0RBQ4vd8oaBxU?authuser=0&hl=id&rclk=1
Sanggar tari bu aris,"Jl. Pakis Gn. II No.16, Pakis, Kec. Sawahan, Surabaya, Jawa Timur 60256",0898-8703-275,"-0,7288719","11,2726205",,Senin (Hari Lahir Pancasila) 	 09.00вЂ“20.00 Jam buka dapat berbeda 	 о…Ќ | Selasa 	 09.00вЂ“20.00 	 о…Ќ | Rabu 	 09.00вЂ“20.00 	 о…Ќ | Kamis 	 09.00вЂ“20.00 	 о…Ќ | Jumat 	 09.00вЂ“20.00 	 о…Ќ | Sabtu 	 09.00вЂ“20.00 	 о…Ќ | Minggu 	 09.00вЂ“20.00 	 о…Ќ,https://i.pinimg.com/736x/1c/96/29/1c96294628a1e7152bd5d1af5f2025a6.jpg | https://i.pinimg.com/736x/66/88/1b/66881b7c3d505e39e8dee469e5b2a448.jpg | https://i.pinimg.com/736x/24/83/c3/2483c333a0b52a1388b8ddac92aabeaa.jpg ,https://www.google.com/maps/place/Sanggar+tari+bu+aris/data=!4m7!3m6!1s0x2dd7fb8d44ff72ab:0x7224959f1c937042!8m2!3d-7.288719!4d112.726205!16s%2Fg%2F11cn0l1q43!19sChIJq3L_RI371y0RQnCTHJ-VJHI?authuser=0&hl=id&rclk=1
Sanggar Tari Dan Kostum Garba Bangsa,"Jl. Bogangin II B No.27, RT.005/RW.05, Kedurus, Kec. Karangpilang, Surabaya, Jawa Timur 60222",0857-8558-1926,"-7,3252786","112,7075236",,Senin (Hari Lahir Pancasila) 	 07.00вЂ“22.00 Jam buka dapat berbeda 	 о…Ќ | Selasa 	 07.00вЂ“22.00 	 о…Ќ | Rabu 	 07.00вЂ“22.00 	 о…Ќ | Kamis 	 07.00вЂ“22.00 	 о…Ќ | Jumat 	 07.00вЂ“22.00 	 о…Ќ | Sabtu 	 07.00вЂ“22.00 	 о…Ќ | Minggu 	 07.00вЂ“22.00 	 о…Ќ,https://i.pinimg.com/736x/43/b7/90/43b79017bdf71caacebd2f46f70c792c.jpg | https://i.pinimg.com/736x/20/62/cb/2062cb418447b074bef07dd0a7eed5ef.jpg | https://i.pinimg.com/736x/6e/e1/ff/6ee1ff3ab0042e802534eebfee6c8c62.jpg ,https://www.google.com/maps/place/Sanggar+Tari+Dan+Kostum+Garba+Bangsa/data=!4m7!3m6!1s0x2dd7fb9ceb426ea7:0x468c2e34ecc6ea72!8m2!3d-7.3252786!4d112.7075236!16s%2Fg%2F11b6dp_r16!19sChIJp25C65z71y0RcurG7DQujEY?authuser=0&hl=id&rclk=1
sanggar makutho,"Jl. Tambak Madu RW - IX No.RT 5, Tambakrejo, Kec. Simokerto, Surabaya, Jawa Timur 60123",0878-5563-6347,"-7,2478949","112,7543638",,Senin (Hari Lahir Pancasila) 	 09.00вЂ“20.00 Jam buka dapat berbeda 	 о…Ќ | Selasa 	 09.00вЂ“20.00 	 о…Ќ | Rabu 	 09.00вЂ“20.00 	 о…Ќ | Kamis 	 09.00вЂ“20.00 	 о…Ќ | Jumat 	 09.00вЂ“20.00 	 о…Ќ | Sabtu 	 09.00вЂ“20.00 	 о…Ќ | Minggu 	 09.00вЂ“20.00 	 о…Ќ,https://i.pinimg.com/736x/0b/82/fd/0b82fd29f0fe66e003c45901043fca01.jpg | https://i.pinimg.com/736x/ac/a4/b6/aca4b6120e4938480f706258fde98e90.jpg | https://i.pinimg.com/736x/d6/1a/b4/d61ab432a87a3445970c23254b1eda31.jpg ,https://www.google.com/maps/place/sanggar+makutho/data=!4m7!3m6!1s0x2dd7f97305591011:0x2a35fe4ebc3c418f!8m2!3d-7.2478949!4d112.7543638!16s%2Fg%2F11cl_58x6f!19sChIJERBZBXP51y0Rj0E8vE7-NSo?authuser=0&hl=id&rclk=1
Sanggar Tari Lestari,"Jalan Kendangsari IV No.102 Pendopo Kantor, Kendangsari, Kec. Tenggilis Mejoyo, Surabaya, Jawa Timur 60292",0877-6333-3358,"-7,3258434","11,2744002",,Senin (Hari Lahir Pancasila) 	 Tutup Jam buka di hari libur 	 о…Ќ | Selasa 	 Tutup 	 о…Ќ | Rabu 	 Tutup 	 о…Ќ | Kamis 	 Tutup 	 о…Ќ | Jumat 	 Tutup 	 о…Ќ | Sabtu 	 15.00вЂ“17.00 	 о…Ќ | Minggu 	 Tutup 	 о…Ќ,https://i.pinimg.com/736x/5e/b5/49/5eb549378384a9b5d5209ccf9fc1a1c3.jpg | https://i.pinimg.com/736x/04/53/d1/0453d1b46a5b1469c58feac29f543c78.jpg | https://i.pinimg.com/736x/0a/22/0f/0a220fcc10a4761b1be229b610f12911.jpg ,https://www.google.com/maps/place/Sanggar+Tari+Lestari/data=!4m7!3m6!1s0x2dd7fb5716c13609:0x32f97dd89ddbd782!8m2!3d-7.3258434!4d112.744002!16s%2Fg%2F11rylgz43_!19sChIJCTbBFlf71y0Rgtfbndh9-TI?authuser=0&hl=id&rclk=1
Sokatoja Dancer,"Jl. Karang Menjangan III E No.56, RT.008/RW.07, Mojo, Kec. Gubeng, Surabaya, Jawa Timur 60285",0812-3031-4999,"-7,2714298","112,7633225",,Senin (Hari Lahir Pancasila) 	 08.00вЂ“16.00 Jam buka dapat berbeda 	 о…Ќ | Selasa 	 08.00вЂ“16.00 	 о…Ќ | Rabu 	 08.00вЂ“16.00 	 о…Ќ | Kamis 	 08.00вЂ“16.00 	 о…Ќ | Jumat 	 08.00вЂ“16.00 	 о…Ќ | Sabtu 	 08.00вЂ“16.00 	 о…Ќ | Minggu 	 08.00вЂ“16.00 	 о…Ќ,https://i.pinimg.com/736x/ea/ac/86/eaac86b1c47264d395c5858980a0f01e.jpg | https://i.pinimg.com/736x/6d/52/d5/6d52d55ab3c6a80cc114d15c004cf40b.jpg | https://i.pinimg.com/736x/71/bf/85/71bf851a29357bdfab25da64202f9156.jpg ,https://www.google.com/maps/place/Sokatoja+Dancer/data=!4m7!3m6!1s0x2dd7fb6f95625037:0x460d99aa1305422c!8m2!3d-7.2714298!4d112.7633225!16s%2Fg%2F11h8k_d2rn!19sChIJN1BilW_71y0RLEIFE6qZDUY?authuser=0&hl=id&rclk=1
Sanggar Tari Adp,"Jl. Sepat Lidah Kulon Gg. 8 No.610 C, Sepat, Lidah Kulon, Kec. Lakarsantri, Surabaya, Jawa Timur 60213",0857-3072-7700,"-7,3036114","11,2655437",,Senin (Hari Lahir Pancasila) 	 Tutup Jam buka dapat berbeda 	 о…Ќ | Selasa 	 16.00вЂ“21.00 	 о…Ќ | Rabu 	 18.00вЂ“21.00 	 о…Ќ | Kamis 	 16.00вЂ“21.00 	 о…Ќ | Jumat 	 16.00вЂ“21.00 	 о…Ќ | Sabtu 	 15.00вЂ“21.00 	 о…Ќ | Minggu 	 08.00вЂ“14.00 	 о…Ќ,https://i.pinimg.com/736x/27/2e/62/272e623402ffa9e3527bd88754f04ad9.jpg | https://i.pinimg.com/736x/6b/46/e9/6b46e90432d405f2d8f68e5fbe579bf6.jpg | https://i.pinimg.com/736x/25/66/1c/25661c7eb4eeae927ced26cf06f70c7e.jpg ,https://www.google.com/maps/place/Sanggar+Tari+Adp/data=!4m7!3m6!1s0x2dd7fda56fbfb955:0x7d947115c7fed423!8m2!3d-7.3036114!4d112.655437!16s%2Fg%2F11clt8x8x3!19sChIJVbm_b6X91y0RI9T-xxVxlH0?authuser=0&hl=id&rclk=1
Marlupi Dance Academy cabang Simpang Darmo,"Jl. Simpang Darmo Permai Utara No.32, Lontar, Kec. Sambikerep, Surabaya, Jawa Timur 60216",0812-3273-1971,"-7,2780738","112,6824451",,Senin (Hari Lahir Pancasila) 	 08.00вЂ“20.00 Jam buka dapat berbeda 	 о…Ќ | Selasa 	 08.00вЂ“20.00 	 о…Ќ | Rabu 	 08.00вЂ“20.00 	 о…Ќ | Kamis 	 08.00вЂ“20.00 	 о…Ќ | Jumat 	 08.00вЂ“20.00 	 о…Ќ | Sabtu 	 08.00вЂ“20.00 	 о…Ќ | Minggu 	 Tutup 	 о…Ќ,https://i.pinimg.com/736x/8f/ff/93/8fff93eb9ea7b361c22f0b38324e00eb.jpg | https://i.pinimg.com/736x/45/30/31/4530313c58b91db3af3aa28f11c2f438.jpg | https://i.pinimg.com/736x/72/cf/bd/72cfbdc626147a24b856c3eea43d8e44.jpg ,https://www.google.com/maps/place/Marlupi+Dance+Academy+cabang+Simpang+Darmo/data=!4m7!3m6!1s0x2dd7fc251d6dbb99:0x13657dc0021401ba!8m2!3d-7.2780738!4d112.6824451!16s%2Fg%2F1hf6h3rbr!19sChIJmbttHSX81y0RugEUAsB9ZRM?authuser=0&hl=id&rclk=1
"Les private tari tradisional & MUA Make Up (Sewa kostum) "" MoniQartsManagement""","Belakang gedung balai RT RW, Jl. Siwalankerto Timur No.183, Siwalankerto, Kec. Wonocolo, Surabaya, Jawa Timur 60236",0856-0499-3909,"-7,3370103","112,7394279",,Senin (Hari Lahir Pancasila) 	 08.00вЂ“18.00 Jam buka dapat berbeda 	 о…Ќ | Selasa 	 08.00вЂ“18.00 	 о…Ќ | Rabu 	 08.00вЂ“18.00 	 о…Ќ | Kamis 	 08.00вЂ“18.00 	 о…Ќ | Jumat 	 08.00вЂ“18.00 	 о…Ќ | Sabtu 	 08.00вЂ“17.00 	 о…Ќ | Minggu 	 Tutup 	 о…Ќ | Senin(Hari Lahir Pancasila)Buka 24 jam Jam buka dapat berbedaо…Ќ | SelasaBuka 24 jamо…Ќ | RabuBuka 24 jamо…Ќ | KamisBuka 24 jamо…Ќ | JumatBuka 24 jamо…Ќ | SabtuBuka 24 jamо…Ќ | MingguBuka 24 jamо…Ќ,https://i.pinimg.com/736x/ba/67/5d/ba675d783e6e9dc990e59a79d70e6f06.jpg | https://i.pinimg.com/736x/a3/90/91/a390919bdaf1784f92757b1eefff1197.jpg ,https://www.google.com/maps/place/Les+private+tari+tradisional+%26+MUA+Make+Up+%28Sewa+kostum%29+%22+MoniQartsManagement%22/data=!4m7!3m6!1s0x2dd7fbbe8656ca2f:0x8a2c1b780a14097d!8m2!3d-7.3370103!4d112.7394279!16s%2Fg%2F11slb_h66y!19sChIJL8pWhr771y0RfQkUCngbLIo?authuser=0&hl=id&rclk=1
Sanggar Astrid,"Jl. Jagir Sidoresmo VI No.43, Jagir, Kec. Wonokromo, Surabaya, Jawa Timur 60244",0856-4638-3988,"-0,7304266","112,7520945",,Senin (Hari Lahir Pancasila) 	 09.00вЂ“20.00 Jam buka dapat berbeda 	 о…Ќ | Selasa 	 09.00вЂ“20.00 	 о…Ќ | Rabu 	 09.00вЂ“20.00 	 о…Ќ | Kamis 	 09.00вЂ“20.00 	 о…Ќ | Jumat 	 09.00вЂ“20.00 	 о…Ќ | Sabtu 	 09.00вЂ“20.00 	 о…Ќ | Minggu 	 Tutup 	 о…Ќ,https://i.pinimg.com/736x/a1/f4/37/a1f437f2bf1df45584eb4edc3cc50ffb.jpg | https://i.pinimg.com/736x/f9/ff/39/f9ff394305a8b3ad9b7481e86b3544bd.jpg ,https://www.google.com/maps/place/Sanggar+Astrid/data=!4m7!3m6!1s0x2dd7fbfd26c68f65:0x33fa6b530a4bc6fa!8m2!3d-7.304266!4d112.7520945!16s%2Fg%2F11vq7k610g!19sChIJZY_GJv371y0R-sZLClNr-jM?authuser=0&hl=id&rclk=1
Rumah Costum Tari Prastika,"Jl. Prima Kebraon VI No.19, Kebraon, Kec. Karangpilang, Surabaya, Jawa Timur 60222",0813-3130-6707,"-7,3235593","112,6918745",,Senin (Hari Lahir Pancasila) 	 06.00вЂ“22.00 Jam buka dapat berbeda 	 о…Ќ | Selasa 	 06.00вЂ“22.00 	 о…Ќ | Rabu 	 06.00вЂ“22.00 	 о…Ќ | Kamis 	 06.00вЂ“22.00 	 о…Ќ | Jumat 	 06.00вЂ“22.00 	 о…Ќ | Sabtu 	 06.00вЂ“22.00 	 о…Ќ | Minggu 	 06.00вЂ“22.00 	 о…Ќ,https://i.pinimg.com/736x/29/e3/e0/29e3e08e2f5f6a59f3a621e8f7a75ea0.jpg | https://i.pinimg.com/736x/31/df/3f/31df3f8d29f82dd1ea24a1c3e64ea263.jpg | ,https://www.google.com/maps/place/Rumah+Costum+Tari+Prastika/data=!4m7!3m6!1s0x2dd7fc9336f6daef:0xc42c07b01a771875!8m2!3d-7.3235593!4d112.6918745!16s%2Fg%2F11gbk1kdg4!19sChIJ79r2NpP81y0RdRh3GrAHLMQ?authuser=0&hl=id&rclk=1
Sanggar Tari Spectra Dance Studio,"Jl. Kemuning Asri, Tropodo Kulon, Tropodo, Kec. Waru, Kabupaten Sidoarjo, Jawa Timur 61256",,"-7,3587726","112,7567229",,Senin (Hari Lahir Pancasila) 	 Tutup Jam buka dapat berbeda 	 о…Ќ | Selasa 	 Tutup 	 о…Ќ | Rabu 	 18.30вЂ“20.00 	 о…Ќ | Kamis 	 Tutup 	 о…Ќ | Jumat 	 Tutup 	 о…Ќ | Sabtu 	 16.00вЂ“18.00 	 о…Ќ | Minggu 	 10.00вЂ“12.00 	 о…Ќ,https://i.pinimg.com/736x/97/49/e6/9749e69c80d47ac38a7fce38eb5e60c8.jpg | https://i.pinimg.com/736x/0f/4a/b6/0f4ab605ba24ab3531565ec385818807.jpg ,https://www.google.com/maps/place/Sanggar+Tari+Spectra+Dance+Studio/data=!4m7!3m6!1s0x2dd7e5a27c321b19:0xc6fd49a30ca92dcd!8m2!3d-7.3587726!4d112.7567229!16s%2Fg%2F11h1yv0rww!19sChIJGRsyfKLl1y0RzS2pDKNJ_cY?authuser=0&hl=id&rclk=1
Marlupi Dance Academy,"PPMQ+M2H, Jalan, Tegalsari, Surabaya, East Java 60261",(031) 5933517,"-7,2658065","112,7376135",,,https://i.pinimg.com/736x/8f/53/14/8f53148a8cb48a0c5f0be440aab0bd56.jpg | https://i.pinimg.com/736x/fc/04/cc/fc04cc7ea6b3f3bc28937e9f14cb9f09.jpg ,https://www.google.com/maps/place/Marlupi+Dance+Academy/data=!4m7!3m6!1s0x2dd7f95fbf661d9b:0x8b5bf48bcb1651ab!8m2!3d-7.2658065!4d112.7376135!16s%2Fg%2F11b6ck9_gc!19sChIJmx1mv1_51y0Rq1EWy4v0W4s?authuser=0&hl=id&rclk=1
Sanggar Tari Seruni,"Perum Jl. Gn. Anyar Emas Sel. II No.12A, Gunung Anyar Tambak, Gunung Anyar, Surabaya, East Java 60294",0812-3302-1320,"-7,3351694","11,2804309",,Senin (Hari Lahir Pancasila) 	 Tutup Jam buka dapat berbeda 	 о…Ќ | Selasa 	 Tutup 	 о…Ќ | Rabu 	 Tutup 	 о…Ќ | Kamis 	 Tutup 	 о…Ќ | Jumat 	 Tutup 	 о…Ќ | Sabtu 	 15.30вЂ“17.30 	 о…Ќ | Minggu 	 08.00вЂ“11.00 	 о…Ќ,https://i.pinimg.com/736x/fe/da/c0/fedac09adc1e0a36a0a2c0d6ba3f4dd4.jpg | https://i.pinimg.com/736x/1e/8a/68/1e8a6834f93b4af1ebd33a8c3ad51f2a.jpg ,https://www.google.com/maps/place/Sanggar+Tari+Seruni/data=!4m7!3m6!1s0x2dd7faaf4ba4226d:0x55703844cf0a4b85!8m2!3d-7.3351694!4d112.804309!16s%2Fg%2F11c2ppws8p!19sChIJbSKkS6_61y0RhUsKz0Q4cFU?authuser=0&hl=id&rclk=1
Sanggar Tari Puspa Dewi,"Sanggar Tari Puspa Dewi, Jl. Medokan Asri Tengah VI, Medokan Ayu, Kec. Rungkut, Surabaya, Jawa Timur 60295",0857-0602-6557,"-7,3255868","112,7951013",,,https://i.pinimg.com/736x/9b/dc/69/9bdc69dc0a91e2ad5e1632698f06e5cd.jpg | https://i.pinimg.com/736x/57/c7/3e/57c73ed558d075f9a7b2f8163a045805.jpg | https://i.pinimg.com/736x/d0/0a/ef/d00aef1af73c1600ff34fca8df16d8b3.jpg ,https://www.google.com/maps/place/Sanggar+Tari+Puspa+Dewi/data=!4m7!3m6!1s0x2dd7fb005ac35835:0xf77c806fe5c69d8b!8m2!3d-7.3255868!4d112.7951013!16s%2Fg%2F11x13rhdl2!19sChIJNVjDWgD71y0Ri53G5W-AfPc?authuser=0&hl=id&rclk=1
sanggarTARI BALI NARAISWARI SBYRI,"Jl. Menanggal V No.51, Menanggal, Kec. Gayungan, Surabaya, Jawa Timur 60234",,"-7,3390363","112,7245534",,,https://i.pinimg.com/736x/e1/37/ad/e137ada50423cec60aec87d46b91f993.jpg | https://i.pinimg.com/736x/bf/54/e6/bf54e6436208b86af30b089dea049260.jpg | https://i.pinimg.com/736x/43/e2/3c/43e23cdc85285e5df55f0635905dbcdb.jpg ,https://www.google.com/maps/place/sanggarTARI+BALI+NARAISWARI+SBYRI/data=!4m7!3m6!1s0x2dd7fb005c3b67dd:0x96cc7816925e9f43!8m2!3d-7.3390363!4d112.7245534!16s%2Fg%2F11xlq7t51n!19sChIJ3Wc7XAD71y0RQ59ekhZ4zJY?authuser=0&hl=id&rclk=1
Sanggar Senam Miranti,"Jl. Platuk Donomulyo No.29, Sidotopo Wetan, Kec. Kenjeran, Surabaya, Jawa Timur 60128",0889-8985-8689,"-0,7230868","11,2766336",,Senin (Hari Lahir Pancasila) 	 08.00вЂ“09.00 16.00вЂ“17.00 18.30вЂ“19.30 Jam buka dapat berbeda 	 о…Ќ | Selasa 	 08.00вЂ“09.00 16.00вЂ“17.00 18.30вЂ“19.30 	 о…Ќ | Rabu 	 08.00вЂ“09.00 16.00вЂ“17.00 18.30вЂ“19.30 	 о…Ќ | Kamis 	 08.00вЂ“09.00 16.00вЂ“17.00 18.30вЂ“19.30 	 о…Ќ | Jumat 	 08.00вЂ“09.00 16.00вЂ“17.00 18.30вЂ“19.30 	 о…Ќ | Sabtu 	 08.00вЂ“09.00 16.00вЂ“17.00 18.30вЂ“19.30 	 о…Ќ | Minggu 	 06.30вЂ“07.30 16.00вЂ“17.00 	 о…Ќ,https://i.pinimg.com/736x/df/79/0a/df790a638bb8a8313c9e558e5e4ded84.jpg | https://i.pinimg.com/736x/8f/d9/78/8fd978c3fd9cb45dbbb2e516d2f924f4.jpg | https://i.pinimg.com/736x/38/8a/f8/388af8659bc16f663e378527f287a5e4.jpg ,https://www.google.com/maps/place/Sanggar+Senam+Miranti/data=!4m7!3m6!1s0x2dd7f9a97bb8cd2d:0xbff83cb20cd91d7d!8m2!3d-7.230868!4d112.766336!16s%2Fg%2F11b6sgcl4q!19sChIJLc24e6n51y0RfR3ZDLI8-L8?authuser=0&hl=id&rclk=1
Flores Classical Ballet School,"Jl. Flores No.17, Ngagel, Kec. Wonokromo, Surabaya, Jawa Timur 60246",(031) 5938789,"-7,2785115","112,7492778",,Senin (Hari Lahir Pancasila) 	 06.00вЂ“20.00 Jam buka dapat berbeda 	 о…Ќ | Selasa 	 06.00вЂ“20.00 	 о…Ќ | Rabu 	 06.00вЂ“20.00 	 о…Ќ | Kamis 	 06.00вЂ“20.00 	 о…Ќ | Jumat 	 06.00вЂ“20.00 	 о…Ќ | Sabtu 	 08.00вЂ“16.00 	 о…Ќ | Minggu 	 Tutup 	 о…Ќ,https://i.pinimg.com/736x/99/bb/da/99bbda8b970417c18ecfac0c378ecf4f.jpg | https://i.pinimg.com/736x/32/a3/67/32a36718378bee5735de59417769ad6a.jpg ,https://www.google.com/maps/place/Flores+Classical+Ballet+School/data=!4m7!3m6!1s0x2dd7fbc50d6ff4ad:0xab77879a5860d904!8m2!3d-7.2785115!4d112.7492778!16s%2Fg%2F11b6s_td9w!19sChIJrfRvDcX71y0RBNlgWJqHd6s?authuser=0&hl=id&rclk=1
"VAV Collection persewaan baju adat, tradisional, karnaval, perjuangan, pahlawan, tari","Banyu Urip Kidul VI B No.1, RT.006/RW.09, Banyu Urip, Kec. Sawahan, Surabaya, Jawa Timur 60254",0813-2006-1297,"-0,7272101","112,7192442",,Senin (Hari Lahir Pancasila) 	 12.00вЂ“22.00 Jam buka dapat berbeda 	 о…Ќ | Selasa 	 12.00вЂ“22.00 	 о…Ќ | Rabu 	 12.00вЂ“22.00 	 о…Ќ | Kamis 	 12.00вЂ“22.00 	 о…Ќ | Jumat 	 12.00вЂ“22.00 	 о…Ќ | Sabtu 	 12.00вЂ“22.00 	 о…Ќ | Minggu 	 12.00вЂ“22.00 	 о…Ќ,https://i.pinimg.com/736x/9a/03/46/9a0346407cc6ad5e83e468c4903a994a.jpg | https://i.pinimg.com/736x/b2/3f/a0/b23fa0068ceef07525552231f85ffe7b.jpg | https://i.pinimg.com/736x/22/03/d7/2203d7704da74da40e70f24addf0207a.jpg ,"https://www.google.com/maps/place/VAV+Collection+persewaan+baju+adat,+tradisional,+karnaval,+perjuangan,+pahlawan,+tari/data=!4m7!3m6!1s0x2dd7fbfec38a34d7:0x59f6127ce8d73673!8m2!3d-7.272101!4d112.7192442!16s%2Fg%2F11gh35nckv!19sChIJ1zSKw_771y0RczbX6HwS9lk?authuser=0&hl=id&rclk=1"
"Sanggar Busana Trisno 2, Persewaan Baju Adat Terlengkap di Surabaya","Perum. Pondok Maritim Indah Jl. Raya Karang Klumprik Sel. IX Blok AM-11, Balas Klumprik, Kec. Wiyung, Surabaya, Jawa Timur 60222",0812-3100-2361,"-7,3275742","1,1268579",,Senin (Hari Lahir Pancasila) 	 10.00вЂ“12.00 13.00вЂ“16.00 18.00вЂ“21.00 Jam buka dapat berbeda 	 о…Ќ | Selasa 	 10.00вЂ“12.00 13.00вЂ“16.00 18.00вЂ“21.00 	 о…Ќ | Rabu 	 10.00вЂ“12.00 13.00вЂ“16.00 18.00вЂ“21.00 	 о…Ќ | Kamis 	 10.00вЂ“12.00 13.00вЂ“16.00 18.00вЂ“21.00 	 о…Ќ | Jumat 	 10.00вЂ“12.00 13.00вЂ“16.00 18.00вЂ“21.00 	 о…Ќ | Sabtu 	 10.00вЂ“16.00 	 о…Ќ | Minggu 	 Tutup 	 о…Ќ,https://i.pinimg.com/736x/87/6f/63/876f635763ab13d01d642f799d172542.jpg | https://i.pinimg.com/736x/68/ce/92/68ce9262fc6e39af75bcb7491d64a43c.jpg | ,"https://www.google.com/maps/place/Sanggar+Busana+Trisno+2,+Persewaan+Baju+Adat+Terlengkap+di+Surabaya/data=!4m7!3m6!1s0x2dd7fcebd3f81f19:0xebeb369c1bc9e92e!8m2!3d-7.3275742!4d112.68579!16s%2Fg%2F11f3n3d7qp!19sChIJGR_40-v81y0RLunJG5w26-s?authuser=0&hl=id&rclk=1"
Sanggar Tari Kampung Bakat,"Sono Indah IV Jl. Sono Indah V, Sonokwijenan, Kec. Sukomanunggal, Surabaya, Jawa Timur 60189",0877-6333-3357,"-7,2778593","112,6991859",,Senin (Hari Lahir Pancasila) 	 Tutup Jam buka dapat berbeda 	 о…Ќ | Selasa 	 Tutup 	 о…Ќ | Rabu 	 Tutup 	 о…Ќ | Kamis 	 17.00вЂ“19.00 	 о…Ќ | Jumat 	 Tutup 	 о…Ќ | Sabtu 	 Tutup 	 о…Ќ | Minggu 	 Tutup 	 о…Ќ,https://i.pinimg.com/736x/47/99/7a/47997a57b676c0e528539e7465e3be4f.jpg | https://i.pinimg.com/736x/48/c8/55/48c855541d2a2efc9630f1d6ded76514.jpg ,https://www.google.com/maps/place/Sanggar+Tari+Kampung+Bakat/data=!4m7!3m6!1s0x2dd7fd0b0b0aa951:0xd63482664d71ff3c!8m2!3d-7.2778593!4d112.6991859!16s%2Fg%2F11t5nz9jf6!19sChIJUakKCwv91y0RPP9xTWaCNNY?authuser=0&hl=id&rclk=1
Dewi Ballet,"Jl. Jagalan No.132-136, Bongkaran, Kec. Pabean Cantian, Surabaya, Jawa Timur 60274",(031) 70913453,"-7,2477727","112,7427637",,,https://i.pinimg.com/736x/53/26/30/53263005f9914ac9bb3c2c54ea63a69a.jpg | https://i.pinimg.com/736x/ee/d9/06/eed906063edde6610205e90edb1cf69a.jpg ,https://www.google.com/maps/place/Dewi+Ballet/data=!4m7!3m6!1s0x2dd7f96b697098e9:0x7047d0c17f5f3129!8m2!3d-7.2477727!4d112.7427637!16s%2Fg%2F1hc580r82!19sChIJ6ZhwaWv51y0RKTFff8HQR3A?authuser=0&hl=id&rclk=1
SANGGAR TARI DAN SANGGAR REOG TRESNO BUDOYO SURABAYA,"Dk Jl. Raya Jelidro, RT.06 RW01, Sambikerep, Kec. Sambikerep, Surabaya, Jawa Timur 60217",0851-7206-3272,"-7,2662562","112,6584576",,Senin (Hari Lahir Pancasila) 	 09.00вЂ“17.00 Jam buka dapat berbeda 	 о…Ќ | Selasa 	 09.00вЂ“17.00 	 о…Ќ | Rabu 	 09.00вЂ“17.00 	 о…Ќ | Kamis 	 09.00вЂ“17.00 	 о…Ќ | Jumat 	 09.00вЂ“17.00 	 о…Ќ | Sabtu 	 09.00вЂ“17.00 	 о…Ќ | Minggu 	 09.00вЂ“17.00 	 о…Ќ,https://i.pinimg.com/736x/d8/e3/b7/d8e3b713b6b6f3078a1e8a9f5c08f3e6.jpg | https://i.pinimg.com/736x/e0/11/f9/e011f9a754a7fd2656ffad28eff8acdb.jpg | https://i.pinimg.com/736x/fc/b4/07/fcb407c1edefaedd3d620150acd42ea1.jpg ,https://www.google.com/maps/place/SANGGAR+TARI+DAN+SANGGAR+REOG+TRESNO+BUDOYO+SURABAYA/data=!4m7!3m6!1s0x2dd7fe7a2af1ee9d:0x4c7da286e6f4dc99!8m2!3d-7.2662562!4d112.6584576!16s%2Fg%2F11csqf4ffl!19sChIJne7xKnr-1y0Rmdz05oaifUw?authuser=0&hl=id&rclk=1
Sekretariat GITOMARON,"Jl. Plampitan XI No.69 006, RT.006/RW.02, Peneleh, Kec. Genteng, Surabaya, Jawa Timur 60274",0813-3106-0101,"-0,7254418","11,2739056",,Senin (Hari Lahir Pancasila) 	 14.00вЂ“21.00 Jam buka dapat berbeda 	 о…Ќ | Selasa 	 14.00вЂ“21.00 	 о…Ќ | Rabu 	 14.00вЂ“21.00 	 о…Ќ | Kamis 	 14.00вЂ“21.00 	 о…Ќ | Jumat 	 14.00вЂ“21.00 	 о…Ќ | Sabtu 	 14.00вЂ“21.00 	 о…Ќ | Minggu 	 Tutup 	 о…Ќ,https://i.pinimg.com/736x/fb/13/e6/fb13e6e761081d51e0acc243bbf8415d.jpg | https://i.pinimg.com/736x/1f/36/c2/1f36c238b22b8f8442aac9f0460d2a73.jpg | https://i.pinimg.com/736x/d6/83/66/d683661ed1fba2be20613a4db271b453.jpg ,https://www.google.com/maps/place/Sekretariat+GITOMARON/data=!4m7!3m6!1s0x2dd7f969d5625bd3:0xac2a7c36270ffa0a!8m2!3d-7.254418!4d112.739056!16s%2Fg%2F11dy9jg2xd!19sChIJ01ti1Wn51y0RCvoPJzZ8Kqw?authuser=0&hl=id&rclk=1
Sanggar Tari Simogen,"Jl. Simo Kwagean Kuburan No.14, Banyu Urip, Kec. Sawahan, Surabaya, Jawa Timur 60254",0813-3678-0836,"-7,2708138","112,7164692",Grup Seni Pertunjukan,Senin (Hari Lahir Pancasila) 	 Tutup Jam buka dapat berbeda 	 о…Ќ | Selasa 	 Tutup 	 о…Ќ | Rabu 	 16.00вЂ“19.00 	 о…Ќ | Kamis 	 16.00вЂ“18.00 	 о…Ќ | Jumat 	 Tutup 	 о…Ќ | Sabtu 	 Tutup 	 о…Ќ | Minggu 	 Tutup 	 о…Ќ,https://i.pinimg.com/736x/c0/11/2e/c0112e07c66f0173db3803e1aebd6cba.jpg | https://i.pinimg.com/736x/a3/fe/60/a3fe603432a9791633edcef2b23089c6.jpg ,https://www.google.com/maps/place/Sanggar+Tari+Simogen/data=!4m7!3m6!1s0x2dd7fb2b224bcc4f:0xdec731bbd3a10fe!8m2!3d-7.2708138!4d112.7164692!16s%2Fg%2F11ywhmkjym!19sChIJT8xLIiv71y0R_hA6vRtz7A0?authuser=0&hl=id&rclk=1
Sanggar seni omah ndhuwur,"Jl. Dp Bangunrejo Gg. I No.30, RT.005/RW.05, Dupak, Kec. Krembangan, Surabaya, Jawa Timur 60179",,"-0,7240268","11,2715885",,,https://i.pinimg.com/736x/f8/cd/c0/f8cdc05324526d5745d28669ec7aa5bf.jpg | https://i.pinimg.com/736x/02/6f/d8/026fd8a92a4f21c4ecb186bd4ddf60a8.jpg ,https://www.google.com/maps/place/Sanggar+seni+omah+ndhuwur/data=!4m7!3m6!1s0x2dd7f9fc8c54fbff:0x4182c1881a6e4e7b!8m2!3d-7.240268!4d112.715885!16s%2Fg%2F11kqn4k82d!19sChIJ__tUjPz51y0Re05uGojBgkE?authuser=0&hl=id&rclk=1
SANGGAR BUSANA,"No. 40 B, Gang Jl. Pacar Kembang No.3, Pacar Kembang, Kec. Tambaksari, Surabaya, Jawa Timur 60132",0812-3134-5709,"-0,7260255","11,2760954",,Senin (Hari Lahir Pancasila) 	 07.00вЂ“21.00 Jam buka dapat berbeda 	 о…Ќ | Selasa 	 07.00вЂ“21.00 	 о…Ќ | Rabu 	 07.00вЂ“21.00 	 о…Ќ | Kamis 	 07.00вЂ“21.00 	 о…Ќ | Jumat 	 07.00вЂ“21.00 	 о…Ќ | Sabtu 	 07.00вЂ“21.00 	 о…Ќ | Minggu 	 07.00вЂ“21.00 	 о…Ќ,https://i.pinimg.com/736x/33/72/3d/33723d580abbd902c44d29667c9ef9f6.jpg | https://i.pinimg.com/736x/9b/c9/f5/9bc9f5a789f801838cd1ce9cc9e4ff47.jpg ,https://www.google.com/maps/place/SANGGAR+BUSANA/data=!4m7!3m6!1s0x2dd7f978c5f1e353:0xcce43d5844e7da4e!8m2!3d-7.260255!4d112.760954!16s%2Fg%2F11bwymfcjh!19sChIJU-PxxXj51y0RTtrnRFg95Mw?authuser=0&hl=id&rclk=1
Sanggar Tari Mugilestari,"Jl. Manukan Lor IV G No.26, Banjar Sugihan, Kec. Tandes, Surabaya, Jawa Timur 60185",,"-7,2583803","112,6586897",,Senin (Hari Lahir Pancasila) 	 08.00вЂ“20.00 Jam buka dapat berbeda 	 о…Ќ | Selasa 	 08.00вЂ“20.00 	 о…Ќ | Rabu 	 08.00вЂ“20.00 	 о…Ќ | Kamis 	 08.00вЂ“20.00 	 о…Ќ | Jumat 	 08.00вЂ“20.00 	 о…Ќ | Sabtu 	 08.00вЂ“20.00 	 о…Ќ | Minggu 	 08.00вЂ“20.00 	 о…Ќ,https://i.pinimg.com/736x/52/6b/d5/526bd5bdfce24987f06b53b455c9e03f.jpg | https://i.pinimg.com/736x/ae/f0/da/aef0da997614eeabdc5878622d6c58e5.jpg | https://i.pinimg.com/736x/2d/93/0a/2d930a85ddb41b842117ef7c050aec23.jpg ,https://www.google.com/maps/place/Sanggar+Tari+Mugilestari/data=!4m7!3m6!1s0x2dd7ff8c8c3f5167:0x10e1a1e4a5f7dfb9!8m2!3d-7.2583803!4d112.6586897!16s%2Fg%2F11g2tn1lks!19sChIJZ1E_jIz_1y0Rud_3peSh4RA?authuser=0&hl=id&rclk=1
"Sanggar Seni Reog Ponorogo ""Singo Yudho Budoyo""","QPCH+4GJ, Jl. Ikan Kerapu IV, Perak Bar., Kec. Krembangan, Surabaya, Jawa Timur 60165",0813-3221-1547,"-7,2296617","112,7287724",,,https://i.pinimg.com/736x/98/15/9b/98159b03a6294b06ba7cab42ff47f749.jpg | https://i.pinimg.com/736x/de/2d/c0/de2dc066445c61a3d94711050c5fd30c.jpg | https://i.pinimg.com/736x/23/eb/96/23eb967f4025d9bbaf18a0a48f9831db.jpg ,https://www.google.com/maps/place/Sanggar+Seni+Reog+Ponorogo+%22Singo+Yudho+Budoyo%22/data=!4m7!3m6!1s0x2dd7f927b11caa13:0x5974f41baeb626f6!8m2!3d-7.2296617!4d112.7287724!16s%2Fg%2F11b6nvygxj!19sChIJE6ocsSf51y0R9ia2rhv0dFk?authuser=0&hl=id&rclk=1
Sanggar Senam Arimbi,"Jl. Kutisari Sel. No.52, Kutisari, Kec. Tenggilis Mejoyo, Surabaya, Jawa Timur 60291",0821-3915-3153,"-7,3359638","112,7457805",,Senin (Hari Lahir Pancasila) 	 19.00вЂ“20.00 Jam buka dapat berbeda 	 о…Ќ | Selasa 	 19.00вЂ“20.00 	 о…Ќ | Rabu 	 19.00вЂ“20.00 	 о…Ќ | Kamis 	 Tutup 	 о…Ќ | Jumat 	 19.00вЂ“20.00 	 о…Ќ | Sabtu 	 Tutup 	 о…Ќ | Minggu 	 Tutup 	 о…Ќ,https://i.pinimg.com/736x/fb/2a/e2/fb2ae244cc070ed9e0e951f5424eeb7b.jpg | https://i.pinimg.com/736x/8c/0e/22/8c0e223c37c1f45e0df2dfe5bd7e199d.jpg ,https://www.google.com/maps/place/Sanggar+Senam+Arimbi/data=!4m7!3m6!1s0x2dd7fb3a3d519f6f:0xf728f285f073bf7!8m2!3d-7.3359638!4d112.7457805!16s%2Fg%2F11b66l1j1m!19sChIJb59RPTr71y0R9zsHXyiPcg8?authuser=0&hl=id&rclk=1
Sanggar Tari SUGTI SEKARTAJI,"Jl. Pagesangan Asri II No.02, Pagesangan, Kec. Jambangan, Surabaya, Jawa Timur 60233",0812-3838-7056,"-7,3373274","1,1271253",,"Jl. Pagesangan Asri II No.02, Pagesangan, Kec. Jambangan, Surabaya, Jawa Timur 60233",https://i.pinimg.com/736x/4b/a3/f6/4ba3f6668dfce8d83048078b20016adf.jpg | https://i.pinimg.com/736x/11/3c/f0/113cf07ab0e31d02d756708f97d98aee.jpg | https://i.pinimg.com/736x/85/4c/b4/854cb4ab46b28e44f3e257275cc51834.jpg ,https://www.google.com/maps/place/Sanggar+Tari+SUGTI+SEKARTAJI/data=!4m7!3m6!1s0x2dd7fd8376292109:0x48d49824ac88f826!8m2!3d-7.3373274!4d112.71253!16s%2Fg%2F11rcgvrw2j!19sChIJCSEpdoP91y0RJviIrCSY1Eg?authuser=0&hl=id&rclk=1
D Studio,"Pakuwon City Ruko Patos Blok AA2 No. 37, Kejawaan Putih Tamba, Kec. Mulyorejo, Surabaya, Jawa Timur 60112",0812-9920-3688,"-7,2763935","112,8049041",,,https://i.pinimg.com/736x/92/13/49/92134997c228f9e0c06a1ca7732f5505.jpg | https://i.pinimg.com/736x/a9/7e/ca/a97eca365d8fe950d93f0285cad7589c.jpg | https://i.pinimg.com/736x/e4/48/89/e448895e575de149215f9cea43afbd40.jpg ,https://www.google.com/maps/place/D+Studio/data=!4m7!3m6!1s0x2dd7fbd24f38933f:0xd72984c636714379!8m2!3d-7.2763935!4d112.8049041!16s%2Fg%2F11h2lkjvqk!19sChIJP5M4T9L71y0ReUNxNsaEKdc?authuser=0&hl=id&rclk=1
Sanggar Rias dan Tari Kurnia Jaya,"Jaya Utara 8, Jl. Raya Tandes Lor No 2 A, Gedangasin, Kec. Sukomanunggal, Surabaya, Jawa Timur 60187",0877-5048-2947,"-7,2584967","112,6896958",,Senin (Hari Lahir Pancasila) 	 12.00вЂ“20.00 Jam buka dapat berbeda 	 о…Ќ | Selasa 	 12.00вЂ“20.00 	 о…Ќ | Rabu 	 12.00вЂ“20.00 	 о…Ќ | Kamis 	 12.00вЂ“20.00 	 о…Ќ | Jumat 	 12.00вЂ“20.00 	 о…Ќ | Sabtu 	 12.00вЂ“20.00 	 о…Ќ | Minggu 	 12.00вЂ“20.00 	 о…Ќ,https://i.pinimg.com/736x/b3/98/4c/b3984c3bced4b53e779b2825f0180dde.jpg | https://i.pinimg.com/736x/8f/66/05/8f6605bf0fa3676ef1377a90e0e74760.jpg | https://i.pinimg.com/736x/fe/28/45/fe2845f91f7631e9ba2d4b18bcb5fa77.jpg ,https://www.google.com/maps/place/Sanggar+Rias+dan+Tari+Kurnia+Jaya/data=!4m7!3m6!1s0x2dd7fe979462f50f:0xfd16a5248070b887!8m2!3d-7.2584967!4d112.6896958!16s%2Fg%2F11f5bxhxwz!19sChIJD_VilJf-1y0Rh7hwgCSlFv0?authuser=0&hl=id&rclk=1
Sanggar Ayu,"Jl. Siwalankerto No.76, Siwalankerto, Kec. Wonocolo, Surabaya, Jawa Timur 60234",0822-4445-7217,"-7,3388745","112,7329051",,Senin (Hari Lahir Pancasila) 	 10.00вЂ“20.00 Jam buka dapat berbeda 	 о…Ќ | Selasa 	 10.00вЂ“20.00 	 о…Ќ | Rabu 	 10.00вЂ“20.00 	 о…Ќ | Kamis 	 10.00вЂ“20.00 	 о…Ќ | Jumat 	 10.00вЂ“20.00 	 о…Ќ | Sabtu 	 10.00вЂ“20.00 	 о…Ќ | Minggu 	 10.00вЂ“20.00 	 о…Ќ,https://i.pinimg.com/736x/4f/ca/9d/4fca9d2cf75623a65904e176a077ce8b.jpg | https://i.pinimg.com/736x/1d/b4/d4/1db4d43c79e7899d4d1f8fccb8be3cae.jpg | https://i.pinimg.com/736x/f3/f2/13/f3f21309452c44cc4245d7a79f2ebe43.jpg ,https://www.google.com/maps/place/Sanggar+Ayu/data=!4m7!3m6!1s0x2dd7fb4f4b6205fb:0x348eb5461631a187!8m2!3d-7.3388745!4d112.7329051!16s%2Fg%2F1hm1v96md!19sChIJ-wViS0_71y0Rh6ExFka1jjQ?authuser=0&hl=id&rclk=1
Center Point Dance Studio,"KK, Jl. Sutorejo Tengah No.6 012, RT.012/RW.08, Dukuh Sutorejo, Kec. Mulyorejo, Surabaya, Jawa Timur 60113",(031) 5914433,"-7,2672656","112,7915791",,,https://i.pinimg.com/736x/f7/f8/cb/f7f8cb31dbe5d30f7a2570f614ccdb35.jpg | https://i.pinimg.com/736x/e2/03/9b/e2039b18e8d566f4023302c3d62ae608.jpg | https://i.pinimg.com/736x/64/61/ef/6461efafb756d00696a39faf9302bc94.jpg ,https://www.google.com/maps/place/Center+Point+Dance+Studio/data=!4m7!3m6!1s0x2dd7fa1e8d789cab:0x1e5f69f1715e6958!8m2!3d-7.2672656!4d112.7915791!16s%2Fg%2F1ptwdj6mn!19sChIJq5x4jR761y0RWGlecfFpXx4?authuser=0&hl=id&rclk=1
Sanggar Tari Jenggolo & Sawunggaling,"Balai RW 02 Jl. Balas Klumprik, Balas Klumprik, Kec. Wiyung, Surabaya, Jawa Timur 60222",0856-9364-6729,"-7,3307348","112,6854359",,Senin (Hari Lahir Pancasila) 	 08.00вЂ“17.00 Jam buka dapat berbeda 	 о…Ќ | Selasa 	 08.00вЂ“17.00 	 о…Ќ | Rabu 	 08.00вЂ“17.00 	 о…Ќ | Kamis 	 08.00вЂ“17.00 	 о…Ќ | Jumat 	 08.00вЂ“17.00 	 о…Ќ | Sabtu 	 15.30вЂ“19.30 	 о…Ќ | Minggu 	 08.00вЂ“17.00 	 о…Ќ,https://i.pinimg.com/736x/23/da/62/23da6224a5b360ab9bdaa9bff6bf374a.jpg | https://i.pinimg.com/736x/27/6d/c2/276dc2193771a8d407ea8531bca08656.jpg ,https://www.google.com/maps/place/Sanggar+Tari+Jenggolo+%26+Sawunggaling/data=!4m7!3m6!1s0x2dd7fd527ac35685:0x8652ea85e838cc4!8m2!3d-7.3307348!4d112.6854359!16s%2Fg%2F11yg670__m!19sChIJhVbDelL91y0RxIyDXqguZQg?authuser=0&hl=id&rclk=1
Sanggar Seni Anak 2,"Jl. Medokan Semampir Indah No.43, Medokan Semampir, Kec. Sukolilo, Surabaya, Jawa Timur 60119",,"-0,7307525","11,2795803",,Senin (Hari Lahir Pancasila) 	 09.00вЂ“16.00 Jam buka dapat berbeda 	 о…Ќ | Selasa 	 09.00вЂ“16.00 	 о…Ќ | Rabu 	 09.00вЂ“16.00 	 о…Ќ | Kamis 	 09.00вЂ“16.00 	 о…Ќ | Jumat 	 09.00вЂ“16.00 	 о…Ќ | Sabtu 	 09.00вЂ“16.00 	 о…Ќ | Minggu 	 Tutup 	 о…Ќ,https://i.pinimg.com/736x/40/c9/ff/40c9ff030310381371d1f2dfc6ed42c5.jpg | https://i.pinimg.com/736x/f8/d5/2a/f8d52a1d321c2623e09c58410a2f89ce.jpg | https://i.pinimg.com/736x/0f/f2/a7/0ff2a745694643203eee1df1c191274c.jpg ,https://www.google.com/maps/place/Sanggar+Seni+Anak+2/data=!4m7!3m6!1s0x2dd7fa88fd2d3a9d:0x1955f118e4b76b9a!8m2!3d-7.307525!4d112.795803!16s%2Fg%2F11b6_nvrch!19sChIJnTot_Yj61y0Rmmu35BjxVRk?authuser=0&hl=id&rclk=1
Angga Lee,"Komplek Ruko BCA, Jl. Kapas Krampung No. 124H, Rangkah, Kec. Tambaksari, Surabaya, Jawa Timur 60134",(031) 5038821,"-7,2492734","112,7611397",,,https://i.pinimg.com/736x/28/11/75/28117509f813e44d07cfa9fd75e27423.jpg | https://i.pinimg.com/736x/f9/be/29/f9be299f5068061081f400dc8a5ab521.jpg | https://i.pinimg.com/736x/5e/26/83/5e2683189535f5ffe3995bf7c128567b.jpg ,https://www.google.com/maps/place/Angga+Lee/data=!4m7!3m6!1s0x2dd7f9a13b7c7b85:0xd166a1f78d1ca114!8m2!3d-7.2492734!4d112.7611397!16s%2Fg%2F1hc737l20!19sChIJhXt8O6H51y0RFKEcjfehZtE?authuser=0&hl=id&rclk=1
Sanggar senam Ivory Sport Studio,"Jl. Medokan Asri Tengah VI, Medokan Ayu, Kec. Rungkut, Surabaya, Jawa Timur 60295",0815-5104-277,"-7,3256702","112,7951979",,Senin (Hari Lahir Pancasila) 	 07.00вЂ“20.00 Jam buka dapat berbeda 	 о…Ќ | Selasa 	 07.00вЂ“20.00 	 о…Ќ | Rabu 	 07.00вЂ“20.00 	 о…Ќ | Kamis 	 07.00вЂ“20.00 	 о…Ќ | Jumat 	 07.00вЂ“20.00 	 о…Ќ | Sabtu 	 07.00вЂ“10.00 	 о…Ќ | Minggu 	 07.00вЂ“09.00 	 о…Ќ,https://i.pinimg.com/736x/80/5a/a4/805aa4bcb0048fb84a7b90c374cc507c.jpg | https://i.pinimg.com/736x/22/80/97/2280974f48b0f84dfb6e596aed350213.jpg | https://i.pinimg.com/736x/fe/cb/75/fecb75b68301589ef9390d8bf34ada6f.jpg ,https://www.google.com/maps/place/Sanggar+senam+Ivory+Sport+Studio/data=!4m7!3m6!1s0x2dd7fbd88519209b:0xa430013390c109c7!8m2!3d-7.3256702!4d112.7951979!16s%2Fg%2F11wqfhz99h!19sChIJmyAZhdj71y0RxwnBkDMBMKQ?authuser=0&hl=id&rclk=1
"Ambassador Dance Academy, Pondok Tjandra Indah Branch","Ruko, Jl. New Green Hill No.T2, Gn. Anyar, Kec. Gn. Anyar, Surabaya, Jawa Timur 60294",0822-1177-7468,"-7,3427716","112,7932189",,Senin (Hari Lahir Pancasila) 	 13.30вЂ“19.00 Jam buka dapat berbeda 	 о…Ќ | Selasa 	 14.00вЂ“19.00 	 о…Ќ | Rabu 	 13.00вЂ“20.30 	 о…Ќ | Kamis 	 13.30вЂ“19.00 	 о…Ќ | Jumat 	 13.00вЂ“16.00 	 о…Ќ | Sabtu 	 09.00вЂ“11.00 	 о…Ќ | Minggu 	 Tutup 	 о…Ќ,https://i.pinimg.com/736x/ed/fc/35/edfc354c85060344c89d08159c845b32.jpg | https://i.pinimg.com/736x/2d/3e/fc/2d3efc644fa774a0c64a036aa586ebe6.jpg | https://i.pinimg.com/736x/c0/27/09/c0270908fdfe65923b5af56c5f62fce5.jpg ,"https://www.google.com/maps/place/Ambassador+Dance+Academy,+Pondok+Tjandra+Indah+Branch/data=!4m7!3m6!1s0x2dd7fbd0fabcf70f:0x21c33636363b575c!8m2!3d-7.3427716!4d112.7932189!16s%2Fg%2F11y5_mnnsc!19sChIJD_e8-tD71y0RXFc7NjY2wyE?authuser=0&hl=id&rclk=1"
Marlupi Dance Academy,"Gedung Srijaya, Jl. Mayjen Sungkono No.212 - 214 Ground Floor, Dukuh Pakis, Kec. Dukuhpakis, Surabaya, Jawa Timur 60225",(031) 5662155,"-7,2871272","112,7067803",,Senin (Hari Lahir Pancasila) 	 Tutup Jam buka dapat berbeda 	 о…Ќ | Selasa 	 Tutup 	 о…Ќ | Rabu 	 Tutup 	 о…Ќ | Kamis 	 Tutup 	 о…Ќ | Jumat 	 Tutup 	 о…Ќ | Sabtu 	 09.00вЂ“16.00 	 о…Ќ | Minggu 	 Tutup 	 о…Ќ,https://i.pinimg.com/736x/c6/08/e1/c608e13d2cb2851e9f5508e6e808defc.jpg | https://i.pinimg.com/736x/d4/59/f2/d459f2dea445caaf8ca86a79d11f179e.jpg | https://i.pinimg.com/736x/01/24/f2/0124f2dfe00bd27691e432f8644d868b.jpg ,https://www.google.com/maps/place/Marlupi+Dance+Academy/data=!4m7!3m6!1s0x2dd7fc74da5147b3:0xa3ae8a7ba4d51e53!8m2!3d-7.2871272!4d112.7067803!16s%2Fg%2F1pzt34dv6!19sChIJs0dR2nT81y0RUx7VpHuKrqM?authuser=0&hl=id&rclk=1
Sanggar Tari Raraswansa MUA,"Kendung Indah Gg. 1B, Sememi, Kec. Benowo, Surabaya, Jawa Timur 60198",0881-0271-02895,"-7,2532054","112,6353272",,Senin (Hari Lahir Pancasila) 	 Buka 24 jam Jam buka dapat berbeda 	 о…Ќ | Selasa 	 Buka 24 jam 	 о…Ќ | Rabu 	 Buka 24 jam 	 о…Ќ | Kamis 	 Buka 24 jam 	 о…Ќ | Jumat 	 Buka 24 jam 	 о…Ќ | Sabtu 	 Buka 24 jam 	 о…Ќ | Minggu 	 Buka 24 jam 	 о…Ќ,https://i.pinimg.com/736x/36/9b/c4/369bc4df3162e434f0b9dca61c58f43d.jpg | https://i.pinimg.com/736x/5b/a1/3f/5ba13ff681fcf29f31b91b8bff99d16f.jpg | https://i.pinimg.com/736x/da/9e/6a/da9e6a378ea8386322f3191683f20286.jpg ,https://www.google.com/maps/place/Sanggar+Tari+Raraswansa+MUA/data=!4m7!3m6!1s0x2dd7ff007e203045:0x52930265b53fef2d!8m2!3d-7.2532054!4d112.6353272!16s%2Fg%2F11z7pc0n6q!19sChIJRTAgfgD_1y0RLe8_tWUCk1I?authuser=0&hl=id&rclk=1
Sanggar Tari Jenggolo,"Jl. Raya Wonocolo No.1, Wonocolo, Bebekan, Kec. Taman, Kabupaten Sidoarjo, Jawa Timur 61257",0857-0403-8794,"-7,3461107","112,6947297",,Senin (Hari Lahir Pancasila) 	 10.00вЂ“17.00 Jam buka dapat berbeda 	 о…Ќ | Selasa 	 10.00вЂ“17.00 	 о…Ќ | Rabu 	 10.00вЂ“17.00 	 о…Ќ | Kamis 	 10.00вЂ“17.00 	 о…Ќ | Jumat 	 13.00вЂ“17.30 	 о…Ќ | Sabtu 	 16.00вЂ“20.00 	 о…Ќ | Minggu 	 16.00вЂ“20.00 	 о…Ќ,https://i.pinimg.com/736x/26/41/79/26417901440c417d466aed3bfff63f93.jpg | https://i.pinimg.com/736x/9f/79/03/9f790321c99112d2730609b15df54b76.jpg | https://i.pinimg.com/736x/86/6b/47/866b4717c4aff06cff1d62c169ec9c83.jpg ,https://www.google.com/maps/place/Sanggar+Tari+Jenggolo/data=!4m7!3m6!1s0x2dd7fd38a0be814d:0x1ef18baa35cd792b!8m2!3d-7.3461107!4d112.6947297!16s%2Fg%2F11xrsmdsdy!19sChIJTYG-oDj91y0RK3nNNaqL8R4?authuser=0&hl=id&rclk=1
Marlupi Dance Academy,"Jl. Pandan No.26, Ketabang, Kec. Genteng, Surabaya, Jawa Timur 60272",0812-3023-569,"-0,7259173","112,7521629",,Senin (Hari Lahir Pancasila) 	 08.00вЂ“18.00 Jam buka dapat berbeda 	 о…Ќ | Selasa 	 08.00вЂ“18.00 	 о…Ќ | Rabu 	 08.00вЂ“18.00 	 о…Ќ | Kamis 	 08.00вЂ“18.00 	 о…Ќ | Jumat 	 08.00вЂ“18.00 	 о…Ќ | Sabtu 	 08.00вЂ“15.00 	 о…Ќ | Minggu 	 Tutup 	 о…Ќ,https://i.pinimg.com/736x/e5/f3/c8/e5f3c8da6ea1fd7c3dccb785133b86b0.jpg | https://i.pinimg.com/736x/d8/72/72/d8727221cdc4760edf4dae7810180d4f.jpg | ,https://www.google.com/maps/place/Marlupi+Dance+Academy/data=!4m7!3m6!1s0x2dd7f97b2ba7d5f5:0xffce84f98d38efb4!8m2!3d-7.259173!4d112.7521629!16s%2Fg%2F11r8s1fwp!19sChIJ9dWnK3v51y0RtO84jfmEzv8?authuser=0&hl=id&rclk=1
Pump n Jump Academy of Arts,"Jl. Babatan Pantai Ut. No.2 Lantai 3, Dukuh Sutorejo, Mulyorejo, Surabaya, East Java 60113",0813-3228-5385,"-7,2532074","112,7893591",,Senin (Hari Lahir Pancasila) 	 09.00вЂ“21.30 Jam buka dapat berbeda 	 о…Ќ | Selasa 	 09.00вЂ“21.30 	 о…Ќ | Rabu 	 09.00вЂ“21.30 	 о…Ќ | Kamis 	 09.00вЂ“21.30 	 о…Ќ | Jumat 	 09.00вЂ“21.30 	 о…Ќ | Sabtu 	 09.00вЂ“21.30 	 о…Ќ | Minggu 	 Tutup 	 о…Ќ,https://tse2.mm.bing.net/th/id/OIP.AaUveWVIy80Xiv3beKI-PAHaD4?rs=1&pid=ImgDetMain&o=7&rm=3 | https://i.pinimg.com/736x/cf/bb/95/cfbb952cef420ffbb40782e2e47f0d5c.jpg | https://i.pinimg.com/736x/a0/b3/fe/a0b3fecc7f3208649cebb67424100eba.jpg ,https://www.google.com/maps/place/Pump+n+Jump+Academy+of+Arts/data=!4m7!3m6!1s0x2dd7fa17d37b3309:0x8889dafde32258af!8m2!3d-7.2532074!4d112.7893591!16s%2Fg%2F11f045ph24!19sChIJCTN70xf61y0Rr1gi4_3aiYg?authuser=0&hl=id&rclk=1
Gedung Cak Durasim,"Jl. Genteng Kali No.85, Genteng, Kec. Genteng, Surabaya, Jawa Timur 60275",(031) 5342128,"-7,2567315","112,7396144",,,https://drive.google.com/uc?export=view&id=1R_Aw_bwjlcLdjlbbFjIGqn-NvWEyfnci | https://drive.google.com/uc?export=view&id=1j_6lVCd-V8HxiSRRlcbbKYnorGv_jOgl | https://drive.google.com/uc?export=view&id=1R2GME2maB-eN55GOB0dza9oWFKdKKqa8 | https://drive.google.com/uc?export=view&id=1KAa3XAsk94D4tZI_uupi6Qqk80ObsbI9 | https://drive.google.com/uc?export=view&id=1l_R3cPpzZ3AOVDY6V0lMp_nGXx0eqmVB | https://drive.google.com/uc?export=view&id=1Yg6ZkS2vg7HK6AYN5tJrKfA1cxvZ8Luz | https://drive.google.com/uc?export=view&id=1syLtqKOZ-JoHr_oSqBncIGr81405XjWc | https://drive.google.com/uc?export=view&id=1N0EEW1HmNvgChafFLSRTZZN2snwlUoEg | https://drive.google.com/uc?export=view&id=1sNuH3rS6Bwt0TUsGpatbt40XD6g1WH7- | https://drive.google.com/uc?export=view&id=1IiihDAxZovEYeGWncEvlAZgfSchlRIur | https://drive.google.com/uc?export=view&id=1t2BC4RX2aIHcPpjF7Dsnyl80H7V7292u ,https://www.google.com/maps/place/Gedung+Cak+Durasim/data=!4m7!3m6!1s0x2dd7f97d349c4d7d:0xc51c4e012d92fdb8!8m2!3d-7.2567315!4d112.7396144!16s%2Fg%2F11l3ccbw06!19sChIJfU2cNH351y0RuP2SLQFOHMU?authuser=0&hl=id&rclk=1
Frence Kids Dance & Frence Studio,"Jalan Sutorejo Utara Prima II PDD No 30, Kalisari, Mulyorejo, Surabaya, East Java 60112",0817-0326-5565,"-7,2599968","112,7947813",,Senin (Hari Lahir Pancasila) 	 08.00вЂ“17.00 Jam buka dapat berbeda 	 о…Ќ | Selasa 	 08.00вЂ“17.00 	 о…Ќ | Rabu 	 08.00вЂ“17.00 	 о…Ќ | Kamis 	 08.00вЂ“17.00 	 о…Ќ | Jumat 	 08.00вЂ“16.00 	 о…Ќ | Sabtu 	 08.00вЂ“16.00 	 о…Ќ | Minggu 	 Tutup 	 о…Ќ,https://i.pinimg.com/736x/6c/8c/0f/6c8c0f6f154cd64b0aa3e22dbbbed765.jpg | https://i.pinimg.com/736x/b0/37/be/b037be94c9705e276bf5225e6767da8b.jpg ,https://www.google.com/maps/place/Frence+Kids+Dance+%26+Frence+Studio/data=!4m7!3m6!1s0x2dd7fb250866683d:0xe1749eedc89ab473!8m2!3d-7.2599968!4d112.7947813!16s%2Fg%2F11hdf8vw25!19sChIJPWhmCCX71y0Rc7SayO2edOE?authuser=0&hl=id&rclk=1
Sanggar Sani Puspita,"Jl. Kapas Jaya No.62, Kapasmadya baru, Kec. Tambaksari, Surabaya, Jawa Timur 60142",0878-5394-843,"-7,2379044","112,7630205",Persewaan Kostum,Senin (Hari Lahir Pancasila) 	 Buka 24 jam Jam buka dapat berbeda 	 о…Ќ | Selasa 	 Buka 24 jam 	 о…Ќ | Rabu 	 Buka 24 jam 	 о…Ќ | Kamis 	 Buka 24 jam 	 о…Ќ | Jumat 	 Buka 24 jam 	 о…Ќ | Sabtu 	 Buka 24 jam 	 о…Ќ | Minggu 	 Buka 24 jam 	 о…Ќ,https://i.pinimg.com/736x/63/5a/da/635ada02ddb0ea0d11abc9f35020aabd.jpg | https://i.pinimg.com/736x/6a/d8/ea/6ad8ea2bc9ea479c1e9518689edd207c.jpg | https://i.pinimg.com/736x/be/56/e6/be56e6c653c447af7ec39dcf17aac950.jpg ,https://www.google.com/maps/place/Sanggar+Sani+Puspita/data=!4m7!3m6!1s0x2dd7f9832438803d:0xc0fbe922b371ee01!8m2!3d-7.2379044!4d112.7630205!16s%2Fg%2F11g0hlztrl!19sChIJPYA4JIP51y0RAe5xsyLp-8A?authuser=0&hl=id&rclk=1
Sanggar Putri,"Jl. Petemon III No.18, Petemon, Kec. Sawahan, Surabaya, Jawa Timur 60252",0857-0662-6542,"-7,2652127","112,7234637",,Senin (Hari Lahir Pancasila) 	 07.00вЂ“22.00 Jam buka dapat berbeda 	 о…Ќ | Selasa 	 07.00вЂ“22.00 	 о…Ќ | Rabu 	 07.00вЂ“22.00 	 о…Ќ | Kamis 	 07.00вЂ“22.00 	 о…Ќ | Jumat 	 07.00вЂ“22.00 	 о…Ќ | Sabtu 	 07.00вЂ“22.00 	 о…Ќ | Minggu 	 Tutup 	 о…Ќ,https://i.pinimg.com/736x/86/a1/02/86a102b246934d15ad2b45cb425bdeb8.jpg | https://i.pinimg.com/736x/64/62/7f/64627f25a1b7f1ea1dafc096006657bf.jpg | https://i.pinimg.com/736x/c9/14/90/c914904636c37fe04875c6e9cee19f1d.jpg ,https://www.google.com/maps/place/Sanggar+Putri/data=!4m7!3m6!1s0x2dd7f95461960c57:0xa80bb668cabcc9b3!8m2!3d-7.2652127!4d112.7234637!16s%2Fg%2F1pzrnv8rd!19sChIJVwyWYVT51y0Rs8m8ymi2C6g?authuser=0&hl=id&rclk=1
Marlupi Dance Academy,"Jl. Klampis Jaya No.25E, Klampis Ngasem, Kec. Sukolilo, Surabaya, Jawa Timur 60117",0818-371-433,"-7,2856479","11,2775897",,Senin (Hari Lahir Pancasila) 	 16.30вЂ“20.00 Jam buka dapat berbeda 	 о…Ќ | Selasa 	 16.00вЂ“20.00 	 о…Ќ | Rabu 	 16.00вЂ“20.00 	 о…Ќ | Kamis 	 16.00вЂ“20.30 	 о…Ќ | Jumat 	 16.00вЂ“20.00 	 о…Ќ | Sabtu 	 09.00вЂ“16.00 	 о…Ќ | Minggu 	 Tutup 	 о…Ќ,https://i.pinimg.com/736x/40/47/12/40471273e0d051366cf6da2c5fe755bd.jpg | https://i.pinimg.com/736x/97/87/0d/97870dfedf40ee6495e2c2634783832b.jpg | https://i.pinimg.com/736x/f2/f3/07/f2f307424e3479b46e450ea92e2cfb8a.jpg ,https://www.google.com/maps/place/Marlupi+Dance+Academy/data=!4m7!3m6!1s0x2dd7fa47f1579d67:0x1b51793b76a1b5c4!8m2!3d-7.2856479!4d112.775897!16s%2Fg%2F11b69hc0j3!19sChIJZ51X8Uf61y0RxLWhdjt5URs?authuser=0&hl=id&rclk=1
"#Sewa Baju Adat, Prewedding, Tedak Siten, Wisuda, Pahlawan. #REKI COLLECTION SBY","Gg. 10 A No.9, Banyu Urip, Kec. Sawahan, Surabaya, Jawa Timur 60254",0851-0479-5699,"-7,2723553","112,7197712",,Senin (Hari Lahir Pancasila) 	 13.00вЂ“22.00 Jam buka dapat berbeda 	 о…Ќ | Selasa 	 13.00вЂ“22.00 	 о…Ќ | Rabu 	 13.00вЂ“22.00 	 о…Ќ | Kamis 	 13.00вЂ“22.00 	 о…Ќ | Jumat 	 13.00вЂ“22.00 	 о…Ќ | Sabtu 	 13.00вЂ“22.00 	 о…Ќ | Minggu 	 Tutup 	 о…Ќ,https://i.pinimg.com/736x/33/05/e7/3305e720116c1a02ea29e9625af5d345.jpg | https://i.pinimg.com/736x/09/46/27/0946271e4fb1aaece131a5c821debcaf.jpg | https://i.pinimg.com/736x/5b/40/e2/5b40e2b4e77b3b3c5211ee2036f01c4d.jpg ,"https://www.google.com/maps/place/%23Sewa+Baju+Adat,+Prewedding,+Tedak+Siten,+Wisuda,+Pahlawan.+%23REKI+COLLECTION+SBY/data=!4m7!3m6!1s0x2dd7fbfec13d9caf:0x853c344a07c95784!8m2!3d-7.2723553!4d112.7197712!16s%2Fg%2F11hdb1llpp!19sChIJr5w9wf771y0RhFfJB0o0PIU?authuser=0&hl=id&rclk=1"
Sekolah Tinggi Kesenian Wilwatikta,"Perumahan Wisma Mukti Jl. Klampis Anom II, Klampis Ngasem, Kec. Sukolilo, Surabaya, Jawa Timur 60117",(031) 5949945,"-7,2946205","112,7777578",,Senin (Hari Lahir Pancasila) 	 07.00вЂ“17.00 Jam buka dapat berbeda 	 о…Ќ | Selasa 	 07.00вЂ“17.00 	 о…Ќ | Rabu 	 07.00вЂ“17.00 	 о…Ќ | Kamis 	 07.00вЂ“17.00 	 о…Ќ | Jumat 	 Buka 24 jam 	 о…Ќ | Sabtu 	 Buka 24 jam 	 о…Ќ | Minggu 	 Buka 24 jam 	 о…Ќ,https://i.pinimg.com/736x/4e/75/0c/4e750cc19242a7e4221450d0a3149e80.jpg | https://i.pinimg.com/736x/3a/c0/f1/3ac0f1379117074716655037b838b513.jpg | https://i.pinimg.com/736x/52/7b/ff/527bffd4ead226d6257c43ae4a4fd486.jpg ,https://www.google.com/maps/place/Sekolah+Tinggi+Kesenian+Wilwatikta/data=!4m7!3m6!1s0x2dd7fa444b9b7557:0xeb1c403dbbe54fc8!8m2!3d-7.2946205!4d112.7777578!16s%2Fg%2F1pztd4dg7!19sChIJV3WbS0T61y0RyE_luz1AHOs?authuser=0&hl=id&rclk=1
Studio Tari Citra Puspita Paramesti,"Rumah Padat Karya Surabaya, Pendopo D, Jl. Raya Bringin No.11, Bringin, Kec. Sambikerep, Surabaya, Jawa Timur 60185",0857-0875-2091,"-7,2605686","112,6470246",,Senin (Hari Lahir Pancasila) 	 Tutup Jam buka dapat berbeda 	 о…Ќ | Selasa 	 Tutup 	 о…Ќ | Rabu 	 Tutup 	 о…Ќ | Kamis 	 Tutup 	 о…Ќ | Jumat 	 Tutup 	 о…Ќ | Sabtu 	 10.00вЂ“18.00 	 о…Ќ | Minggu 	 09.00вЂ“18.00 	 о…Ќ,https://i.pinimg.com/736x/5e/cb/8b/5ecb8b1f8d0cc231296745408f45d43d.jpg | https://i.pinimg.com/736x/c7/a6/33/c7a633a46d7bfcdf79f7fd5937a2556f.jpg | https://i.pinimg.com/736x/fd/c6/f2/fdc6f2236de9f42da74b7bd8a484217d.jpg ,https://www.google.com/maps/place/Studio+Tari+Citra+Puspita+Paramesti/data=!4m7!3m6!1s0x2dd7ff42aacacfd3:0xa1e0d8c83ac0c4aa!8m2!3d-7.2605686!4d112.6470246!16s%2Fg%2F11vj70mp2x!19sChIJ08_KqkL_1y0RqsTAOsjY4KE?authuser=0&hl=id&rclk=1
Sanggar Tari Cantiqa,"Jl. Manukan Mukti No.7 Blok 11 B, Manukan Kulon, Kec. Tandes, Surabaya, Jawa Timur 60185",0831-3373-7100,"-7,2606179","112,6612545",,Senin (Hari Lahir Pancasila) 	 Tutup Jam buka dapat berbeda 	 о…Ќ | Selasa 	 Tutup 	 о…Ќ | Rabu 	 Tutup 	 о…Ќ | Kamis 	 Tutup 	 о…Ќ | Jumat 	 Tutup 	 о…Ќ | Sabtu 	 15.00вЂ“20.00 	 о…Ќ | Minggu 	 Tutup 	 о…Ќ,https://i.pinimg.com/736x/80/17/2c/80172ceff50685ece6a5e78ef05647c8.jpg | https://i.pinimg.com/736x/cb/81/6c/cb816cd800a86be8a749a0d6515ee79b.jpg | https://i.pinimg.com/736x/73/fd/ba/73fdbacf221eeb8e4efd0813adebe4a8.jpg ,https://www.google.com/maps/place/Sanggar+Tari+Cantiqa/data=!4m7!3m6!1s0x2dd7ff0033d26ac9:0xed2fcc27f2face52!8m2!3d-7.2606179!4d112.6612545!16s%2Fg%2F11y2qj731j!19sChIJyWrSMwD_1y0RUs768ifML-0?authuser=0&hl=id&rclk=1
LINTANG KOSTUM (PUSAT) busana tari,"Jl. Sambirogo IV No.13 Blok R, Sambikerep, Kec. Sambikerep, Surabaya, Jawa Timur 60217",0856-3000-953,"-7,2677235","112,6575072",,Senin (Hari Lahir Pancasila) 	 12.00вЂ“19.00 Jam buka dapat berbeda 	 о…Ќ | Selasa 	 12.00вЂ“19.00 	 о…Ќ | Rabu 	 12.00вЂ“19.00 	 о…Ќ | Kamis 	 12.00вЂ“19.00 	 о…Ќ | Jumat 	 12.00вЂ“19.00 	 о…Ќ | Sabtu 	 08.00вЂ“15.00 	 о…Ќ | Minggu 	 Tutup 	 о…Ќ,https://i.pinimg.com/736x/ba/ed/c0/baedc0328f55121b05666985efebdbf8.jpg | https://i.pinimg.com/736x/b5/c3/e3/b5c3e361f09ab89b13764084d7c287bb.jpg | https://i.pinimg.com/736x/43/72/41/437241dbf485e11805ea219424acb651.jpg ,https://www.google.com/maps/place/LINTANG+KOSTUM+%28PUSAT%29+busana+tari/data=!4m7!3m6!1s0x2dd7ffeef3909729:0x6cdc449a43d3996!8m2!3d-7.2677235!4d112.6575072!16s%2Fg%2F11h1zcvtsc!19sChIJKZeQ8-7_1y0Rljk9pEnEzQY?authuser=0&hl=id&rclk=1
Sanggar senam yani,"Pd. Candra, Jl. Raya Taman Asri No.2 no 42, Wadungasri, Kec. Waru, Kabupaten Sidoarjo, Jawa Timur 61256",0811-3393-159,"-7,3433111","112,7684047",,Senin (Hari Lahir Pancasila) 	 10.00вЂ“16.00 Jam buka dapat berbeda 	 о…Ќ | Selasa 	 10.00вЂ“16.00 	 о…Ќ | Rabu 	 10.00вЂ“16.00 	 о…Ќ | Kamis 	 10.00вЂ“16.00 	 о…Ќ | Jumat 	 10.00вЂ“16.00 	 о…Ќ | Sabtu 	 10.00вЂ“16.00 	 о…Ќ | Minggu 	 Tutup 	 о…Ќ,https://i.pinimg.com/736x/28/c8/71/28c871dfefadf8888b539b90b8d7a2c9.jpg | https://i.pinimg.com/736x/e7/5c/4a/e75c4a2f6770d7b8f0d5c71e3541c656.jpg | https://i.pinimg.com/736x/45/9f/fc/459ffc5f79d469cf35b7180d3ee8567b.jpg ,https://www.google.com/maps/place/Sanggar+senam+yani/data=!4m7!3m6!1s0x2dd7fad47b8e526d:0x8aee455eb238f7a1!8m2!3d-7.3433111!4d112.7684047!16s%2Fg%2F11clhqsfzh!19sChIJbVKOe9T61y0Rofc4sl5F7oo?authuser=0&hl=id&rclk=1
Sanggar Busana Trisno 1 Kenjeran Surabaya Utara. Persewaan Baju Adat Dan Baju Pahlawan,"Jl. Tanah Merah Utara XI No.1 A, Tanah Kali Kedinding, Kec. Kenjeran, Surabaya, Jawa Timur 60129",,"-7,2214602","112,7687369",,Senin (Hari Lahir Pancasila) 	 10.00вЂ“13.00 18.30вЂ“21.00 Jam buka dapat berbeda 	 о…Ќ | Selasa 	 10.00вЂ“13.00 18.30вЂ“21.00 	 о…Ќ | Rabu 	 10.00вЂ“13.00 18.30вЂ“21.00 	 о…Ќ | Kamis 	 10.00вЂ“13.00 18.30вЂ“21.00 	 о…Ќ | Jumat 	 10.00вЂ“13.00 18.30вЂ“21.00 	 о…Ќ | Sabtu 	 Tutup 	 о…Ќ | Minggu 	 Tutup 	 о…Ќ,https://i.pinimg.com/736x/c6/21/82/c6218245130abf1cc2866c5d93f5334b.jpg | https://i.pinimg.com/736x/ea/8e/bc/ea8ebcdfa1421ce46bf239d560a1c527.jpg | https://i.pinimg.com/736x/90/3a/75/903a75040c348a4e720d91760e42fd91.jpg ,https://www.google.com/maps/place/Sanggar+Busana+Trisno+1+Kenjeran+Surabaya+Utara.+Persewaan+Baju+Adat+Dan+Baju+Pahlawan/data=!4m7!3m6!1s0x2dd7f8fe388792d5:0x19db8e0cbc053360!8m2!3d-7.2214602!4d112.7687369!16s%2Fg%2F1hm56zd2p!19sChIJ1ZKHOP741y0RYDMFvAyO2xk?authuser=0&hl=id&rclk=1
First Move Studio,"Jl. Kalisari Permai I No.9, Kalisari, Kec. Mulyorejo, Surabaya, Jawa Timur 60112",0819-803-335,"-0,7269863","112,8052552",,Senin (Hari Lahir Pancasila) 	 Buka 24 jam Jam buka dapat berbeda 	 о…Ќ | Selasa 	 Buka 24 jam 	 о…Ќ | Rabu 	 Buka 24 jam 	 о…Ќ | Kamis 	 Buka 24 jam 	 о…Ќ | Jumat 	 Buka 24 jam 	 о…Ќ | Sabtu 	 Buka 24 jam 	 о…Ќ | Minggu 	 Buka 24 jam 	 о…Ќ,https://i.pinimg.com/736x/23/3f/de/233fde5d7be0056354522171a589c5e3.jpg | https://i.pinimg.com/736x/54/1a/d7/541ad7ee462b7812056676e9912a3c86.jpg | https://i.pinimg.com/736x/ce/92/9d/ce929dd721a7e558b95dd4842bf5b5c6.jpg ,https://www.google.com/maps/place/First+Move+Studio/data=!4m7!3m6!1s0x2dd7fbedfc6bb915:0x7a0f3f3ad858dbe1!8m2!3d-7.269863!4d112.8052552!16s%2Fg%2F11j488kltg!19sChIJFblr_O371y0R4dtY2Do_D3o?authuser=0&hl=id&rclk=1
Sanggar Siti Nurbaya,"Jalan Kutilang no.66 Rewwin, Jl. Kutilang No.66, Ngeni, Kepuhkiriman, Kec. Waru, Kabupaten Sidoarjo, Jawa Timur 61256",0859-2902-0955,"-7,3477413","112,7563841",,Senin (Hari Lahir Pancasila) 	 10.00вЂ“16.00 Jam buka dapat berbeda 	 о…Ќ | Selasa 	 10.00вЂ“16.00 	 о…Ќ | Rabu 	 10.00вЂ“16.00 	 о…Ќ | Kamis 	 10.00вЂ“16.00 	 о…Ќ | Jumat 	 10.00вЂ“16.00 	 о…Ќ | Sabtu 	 Tutup 	 о…Ќ | Minggu 	 Tutup 	 о…Ќ,https://i.pinimg.com/736x/85/57/60/855760778c05f87aa01ba630acbc13d1.jpg | https://i.pinimg.com/736x/93/64/81/936481c9c8c6577752bbe7619a40b49d.jpg | https://i.pinimg.com/736x/94/4d/0b/944d0b97fdc3e207857ab0219edde375.jpg ,https://www.google.com/maps/place/Sanggar+Siti+Nurbaya/data=!4m7!3m6!1s0x2dd7e4d35c8c1b37:0x38ed090b0c5b22e1!8m2!3d-7.3477413!4d112.7563841!16s%2Fg%2F1pztxpv83!19sChIJNxuMXNPk1y0R4SJbDAsJ7Tg?authuser=0&hl=id&rclk=1
Sanggar Bale Agung,"Jalan Aquamarin 3 No.24 perumahan, Jl. Granit Nila, Paras, Mulung, Kec. Driyorejo, Kabupaten Gresik, Jawa Timur 61177",0813-5335-1995,"-7,3300742","112,6370258",,Senin (Hari Lahir Pancasila) 	 07.00вЂ“21.00 Jam buka dapat berbeda 	 о…Ќ | Selasa 	 07.00вЂ“21.00 	 о…Ќ | Rabu 	 07.00вЂ“21.00 	 о…Ќ | Kamis 	 07.00вЂ“21.00 	 о…Ќ | Jumat 	 07.00вЂ“21.00 	 о…Ќ | Sabtu 	 07.00вЂ“21.00 	 о…Ќ | Minggu 	 07.00вЂ“21.00 	 о…Ќ,https://tse1.mm.bing.net/th/id/OIP.U60mc0SGurhIIsVLSejgAwHaHa?rs=1&pid=ImgDetMain&o=7&rm=3 | https://i.pinimg.com/736x/b3/33/48/b3334883991c02433271a842174e2836.jpg | https://i.pinimg.com/736x/54/38/b9/5438b94974b1538258dfb1dad9eb72fb.jpg ,https://www.google.com/maps/place/Sanggar+Bale+Agung/data=!4m7!3m6!1s0x2dd7fd6976a0d957:0xee8a4c3a0447c863!8m2!3d-7.3300742!4d112.6370258!16s%2Fg%2F11g6bj596t!19sChIJV9mgdmn91y0RY8hHBDpMiu4?authuser=0&hl=id&rclk=1
Sanggar Reyog Singo Joyo Rekso,"QJ2V+8PW, Jl. Sememi Jaya II, Sememi, Kec. Benowo, Surabaya, Jawa Timur 60198",0858-9529-2216,"-7,2491258","112,6443384",,Senin (Hari Lahir Pancasila) 	 09.30вЂ“21.30 Jam buka dapat berbeda 	 о…Ќ | Selasa 	 09.30вЂ“21.30 	 о…Ќ | Rabu 	 09.30вЂ“21.30 	 о…Ќ | Kamis 	 09.30вЂ“21.30 	 о…Ќ | Jumat 	 09.30вЂ“21.30 	 о…Ќ | Sabtu 	 09.30вЂ“21.30 	 о…Ќ | Minggu 	 09.30вЂ“21.30 	 о…Ќ,https://i.pinimg.com/736x/db/d6/87/dbd687ec72b6c8124bb7867c9f6d7674.jpg | https://i.pinimg.com/736x/e3/b0/81/e3b081fe5080b5c64033fce4f4a82ab1.jpg | https://i.pinimg.com/736x/f6/c4/c0/f6c4c0e6f3a2091fce706b6ca179800f.jpg ,https://www.google.com/maps/place/Sanggar+Reyog+Singo+Joyo+Rekso/data=!4m7!3m6!1s0x2dd7fe4086721e19:0x941cc52cff7a3605!8m2!3d-7.2491258!4d112.6443384!16s%2Fg%2F11fy4ykydn!19sChIJGR5yhkD-1y0RBTZ6_yzFHJQ?authuser=0&hl=id&rclk=1
Seruni Clothing,"Jl. Gn. Anyar Emas Sel. II No.12 A2, Gunung Anyar Tambak, Gunung Anyar, Surabaya, East Java 61294",0899-0327-883,"-7,3352684","112,8042427",,Senin (Hari Lahir Pancasila) 	 09.00вЂ“22.00 Jam buka dapat berbeda 	 о…Ќ | Selasa 	 09.00вЂ“22.00 	 о…Ќ | Rabu 	 09.00вЂ“22.00 	 о…Ќ | Kamis 	 09.00вЂ“22.00 	 о…Ќ | Jumat 	 09.00вЂ“22.00 	 о…Ќ | Sabtu 	 09.00вЂ“22.00 	 о…Ќ | Minggu 	 09.00вЂ“22.00 	 о…Ќ,https://i.pinimg.com/736x/d7/57/66/d757664e16242842faefd55170e57990.jpg | https://i.pinimg.com/736x/90/5e/d5/905ed5b040d4d493e15b30cb09918847.jpg | https://i.pinimg.com/736x/70/40/62/704062fa715e6c812ef71760caf9e1ef.jpg ,https://www.google.com/maps/place/Seruni+Clothing/data=!4m7!3m6!1s0x2dd7e13535de5523:0xea9f3da3654192a3!8m2!3d-7.3352684!4d112.8042427!16s%2Fg%2F11b6wsff2t!19sChIJI1XeNTXh1y0Ro5JBZaM9n-o?authuser=0&hl=id&rclk=1
Komunitas Seni Budaya BrangWetan,"Jl. Bungurasih Timur No.40, Kasian, Bungurasih, Kec. Waru, Kabupaten Sidoarjo, Jawa Timur 61236",,"-7,3536081","112,7248116",,,https://i.pinimg.com/736x/5b/59/9b/5b599b8cc80bbee297f1b92c46e3b999.jpg | https://i.pinimg.com/736x/f0/9f/4e/f09f4eb71703ed9f7947c1cf70800df9.jpg | https://i.pinimg.com/736x/80/26/a5/8026a5bafec6b49d777e09e3cd82d18d.jpg ,https://www.google.com/maps/place/Komunitas+Seni+Budaya+BrangWetan/data=!4m7!3m6!1s0x2dd7e5e1cea2ef7d:0xb1fdaf66ec4f47f7!8m2!3d-7.3536081!4d112.7248116!16s%2Fg%2F11mhlc7l17!19sChIJfe-izuHl1y0R90dP7Gav_bE?authuser=0&hl=id&rclk=1
Center Point Ballet,"Gwalk Citraland, Ruko Taman Gapura, Blok i No-16, Lontar, Kec. Sambikerep, Surabaya, Jawa Timur 60219",0851-0523-8088,"-7,2898919","112,6547849",,Senin (Hari Lahir Pancasila) 	 14.00вЂ“19.00 Jam buka dapat berbeda 	 о…Ќ | Selasa 	 14.00вЂ“19.00 	 о…Ќ | Rabu 	 12.30вЂ“19.00 	 о…Ќ | Kamis 	 14.00вЂ“19.00 	 о…Ќ | Jumat 	 12.30вЂ“19.00 	 о…Ќ | Sabtu 	 09.00вЂ“14.00 	 о…Ќ | Minggu 	 Tutup 	 о…Ќ,https://i.pinimg.com/736x/be/9a/e7/be9ae7b589de1f8b60a18e951f508e4b.jpg | https://i.pinimg.com/736x/dd/70/67/dd7067d3e42f9342fe034dce02cd3272.jpg | https://i.pinimg.com/736x/39/fe/26/39fe265da1c471ad685fa29281880a4d.jpg ,https://www.google.com/maps/place/Center+Point+Ballet/data=!4m7!3m6!1s0x2dd7fdf2a2ea5c2d:0xb5df03b5c810fce6!8m2!3d-7.2898919!4d112.6547849!16s%2Fg%2F1hm5lq1nl!19sChIJLVzqovL91y0R5vwQyLUD37U?authuser=0&hl=id&rclk=1
Sanggar Tari Gunung Camar,"Jl. Kertanegara, RT.7/RW.12, Dusun Tratap, Sawotratap, Kec. Gedangan, Kabupaten Sidoarjo, Jawa Timur 61254",0812-4900-6667,"-7,3704295","112,7416028",,Senin (Hari Lahir Pancasila) 	 Tutup Jam buka dapat berbeda 	 о…Ќ | Selasa 	 Tutup 	 о…Ќ | Rabu 	 Tutup 	 о…Ќ | Kamis 	 Tutup 	 о…Ќ | Jumat 	 18.00вЂ“20.00 	 о…Ќ | Sabtu 	 15.00вЂ“18.00 	 о…Ќ | Minggu 	 08.00вЂ“11.00 	 о…Ќ,https://i.pinimg.com/736x/bc/b0/e0/bcb0e0a695f26680d45f0f7f4159d7c8.jpg | https://i.pinimg.com/736x/a6/24/0b/a6240be1ae3ab143a5c223b9679a3f60.jpg | https://i.pinimg.com/736x/cd/09/c2/cd09c21e29d8b8bc355481d55e0e8284.jpg ,https://www.google.com/maps/place/Sanggar+Tari+Gunung+Camar/data=!4m7!3m6!1s0x2dd7e5615b719b23:0x7d5c711edec8d7b7!8m2!3d-7.3704295!4d112.7416028!16s%2Fg%2F11vsymvvqs!19sChIJI5txW2Hl1y0Rt9fI3h5xXH0?authuser=0&hl=id&rclk=1
Persewaan Baju Adat Anak - Anak (Ibu Ekawati),"Jl. Gubeng Jaya SR No.46, Gubeng, Kec. Gubeng, Surabaya, Jawa Timur 60281",0856-3200-621,"-0,7270266","112,7541176",,Senin (Hari Lahir Pancasila) 	 08.00вЂ“20.00 Jam buka dapat berbeda 	 о…Ќ | Selasa 	 08.00вЂ“20.00 	 о…Ќ | Rabu 	 08.00вЂ“20.00 	 о…Ќ | Kamis 	 08.00вЂ“20.00 	 о…Ќ | Jumat 	 08.00вЂ“20.00 	 о…Ќ | Sabtu 	 08.00вЂ“20.00 	 о…Ќ | Minggu 	 08.00вЂ“20.00 	 о…Ќ,https://i.pinimg.com/736x/7d/9b/87/7d9b876aa7c7079b9e5f664637ae58cd.jpg | https://i.pinimg.com/736x/0a/7c/0d/0a7c0df8c4befcf388ce7aa31ee5aa5d.jpg | https://i.pinimg.com/736x/3a/8e/c9/3a8ec927689b333b5c67016c6d7fd9e3.jpg ,https://www.google.com/maps/place/Persewaan+Baju+Adat+Anak+-+Anak+%28Ibu+Ekawati%29/data=!4m7!3m6!1s0x2dd7fb12e7e8293d:0x56e37dcb1da94521!8m2!3d-7.270266!4d112.7541176!16s%2Fg%2F11gjm8nxxm!19sChIJPSno5xL71y0RIUWpHct941Y?authuser=0&hl=id&rclk=1
Sanggar seni reog Ponorogo & tari tradisional/moderen,,0889-8995-0067,"-0,7284485","11,2760761",,,https://i.pinimg.com/736x/59/14/76/591476dd07c15d60e6ed498cf2c289ec.jpg | https://i.pinimg.com/736x/e2/bd/6c/e2bd6c44c520b288898360773664bc0e.jpg | https://i.pinimg.com/736x/64/4e/57/644e5712c363fe9f57db21150922305b.jpg ,https://www.google.com/maps/place/Sanggar+seni+reog+Ponorogo+%26+tari+tradisional%2Fmoderen/data=!4m7!3m6!1s0x45cfc4681b2e7865:0x384b26e76f693333!8m2!3d-7.284485!4d112.760761!16s%2Fg%2F11z2vr2d_8!19sChIJZXguG2jEz0URMzNpb-cmSzg?authuser=0&hl=id&rclk=1
Sanggar Tari Sembrani Art Community,"Gedung Olahraga, Griya Permata Gedangan, Sikep, Keboansikep, Gedangan, Sidoarjo Regency, East Java 61254",0838-5646-5483,"-0,0738692","112,7222111",,Senin (Hari Lahir Pancasila) 	 Tutup Jam buka dapat berbeda 	 о…Ќ | Selasa 	 Tutup 	 о…Ќ | Rabu 	 Tutup 	 о…Ќ | Kamis 	 Tutup 	 о…Ќ | Jumat 	 Tutup 	 о…Ќ | Sabtu 	 Tutup 	 о…Ќ | Minggu 	 15.00вЂ“17.30 	 о…Ќ,https://i.pinimg.com/736x/b9/4c/8e/b94c8e99ac5e6ba5dc4351a11c8853c1.jpg | https://i.pinimg.com/736x/fb/13/e6/fb13e6e761081d51e0acc243bbf8415d.jpg | https://i.pinimg.com/736x/b6/cd/ae/b6cdae0b2bf2538fc59c0046845038f6.jpg ,https://www.google.com/maps/place/Sanggar+Tari+Sembrani+Art+Community/data=!4m7!3m6!1s0x2dd7e4808ea39d47:0x4c6286fe558d9af3!8m2!3d-7.38692!4d112.7222111!16s%2Fg%2F11fy2l8d6v!19sChIJR52jjoDk1y0R85qNVf6GYkw?authuser=0&hl=id&rclk=1
SANGGAR TARI NAIRIDA SEKAR JAGAD,"1D,no, Perumahan Jl. Griya Kencana No.44, Perum Graha Mutiara I, Mojosarirejo, Kec. Driyorejo, Kabupaten Gresik, Jawa Timur 61177",0823-3658-7686,"-7,3473094","112,5865395",,Senin (Hari Lahir Pancasila) 	 Tutup Jam buka dapat berbeda 	 о…Ќ | Selasa 	 Tutup 	 о…Ќ | Rabu 	 Tutup 	 о…Ќ | Kamis 	 Tutup 	 о…Ќ | Jumat 	 Tutup 	 о…Ќ | Sabtu 	 13.30вЂ“17.30 	 о…Ќ | Minggu 	 Tutup 	 о…Ќ,https://th.bing.com/th/id/OIP.Ua42l3gI0dPJY3Axfyy-uwHaEK?o=7rm=3&rs=1&pid=ImgDetMain&o=7&rm=3 | https://i.pinimg.com/736x/5e/b5/49/5eb549378384a9b5d5209ccf9fc1a1c3.jpg | https://i.pinimg.com/736x/38/bc/b5/38bcb5dd360914d60a0a71191ab66f8b.jpg ,https://www.google.com/maps/place/SANGGAR+TARI+NAIRIDA+SEKAR+JAGAD/data=!4m7!3m6!1s0x2e78070079bb783b:0xf2842a1eaafc541e!8m2!3d-7.3473094!4d112.5865395!16s%2Fg%2F11z5bhcqq8!19sChIJO3i7eQAHeC4RHlT8qh4qhPI?authuser=0&hl=id&rclk=1
Sanggar Rias Sekar Melati,"Perum wisma blok XA no.11, Lidah Kulon, Kec. Lakarsantri, Surabaya, Jawa Timur 60213",0812-3454-6166,"-7,3040659","112,6585657",Persewaan Kostum,Senin (Hari Lahir Pancasila) 	 07.00вЂ“22.00 Jam buka dapat berbeda 	 о…Ќ | Selasa 	 07.00вЂ“22.00 	 о…Ќ | Rabu 	 07.00вЂ“22.00 	 о…Ќ | Kamis 	 07.00вЂ“22.00 	 о…Ќ | Jumat 	 07.00вЂ“22.00 	 о…Ќ | Sabtu 	 07.00вЂ“22.00 	 о…Ќ | Minggu 	 07.00вЂ“22.00 	 о…Ќ,https://tse3.mm.bing.net/th/id/OIP.0uUb4TdpTrUlfvD_EnDCoAHaJQ?rs=1&pid=ImgDetMain&o=7&rm=3 | https://i.pinimg.com/736x/5c/b3/9a/5cb39acdbf4b4d9678bff15f3325054e.jpg | https://i.pinimg.com/736x/73/2c/eb/732ceb11e1060d496ffe7d40c13d2e5b.jpg ,https://www.google.com/maps/place/Sanggar+Rias+Sekar+Melati/data=!4m7!3m6!1s0x2dd7fdae55555531:0x9ed0288c426d9857!8m2!3d-7.3040659!4d112.6585657!16s%2Fg%2F11cllm6ssq!19sChIJMVVVVa791y0RV5htQowo0J4?authuser=0&hl=id&rclk=1
FIFA YES,"Jl. Jambangan Sawah No.D 40 lantai 2, Jambangan, Surabaya, East Java 60232",0822-3318-1616,"-7,3160028","112,7134084",,Senin(Hari Lahir Pancasila)07.00вЂ“22.00 Jam buka dapat berbedaо…Ќ | Selasa07.00вЂ“22.00о…Ќ | Rabu07.00вЂ“22.00о…Ќ | Kamis07.00вЂ“22.00о…Ќ | Jumat07.00вЂ“22.00о…Ќ | Sabtu07.00вЂ“22.00о…Ќ | Minggu07.00вЂ“22.00о…Ќ,https://i.pinimg.com/736x/7b/f5/ec/7bf5ec7b9ae394b5a5a7cb80922b7557.jpg | https://i.pinimg.com/736x/26/18/18/261818c23b1034fa6ce9c9f5c6f6e06a.jpg | https://i.pinimg.com/736x/4d/c4/f4/4dc4f406c22e40e69006866536ef13b2.jpg ,https://www.google.com/maps/place/FIFA+YES/data=!4m7!3m6!1s0x2dd7fd24ab0ba22d:0xcaef90682bc50188!8m2!3d-7.3160028!4d112.7134084!16s%2Fg%2F11f7306_kp!19sChIJLaILqyT91y0RiAHFK2iQ78o?authuser=0&hl=id&rclk=1
Balai Pemuda Surabaya,"Jl. Gubernur Suryo No.15, Embong Kaliasin, Kec. Genteng, Surabaya, Jawa Timur 60271",,"-0,7263978","112,7453038",,Senin (Hari Lahir Pancasila) 	 Tutup Jam buka dapat berbeda 	 о…Ќ | Selasa 	 09.00вЂ“21.30 	 о…Ќ | Rabu 	 09.00вЂ“21.30 	 о…Ќ | Kamis 	 09.00вЂ“21.30 	 о…Ќ | Jumat 	 09.00вЂ“21.30 	 о…Ќ | Sabtu 	 09.00вЂ“21.30 	 о…Ќ | Minggu 	 09.00вЂ“21.30 	 о…Ќ | Senin(Hari Lahir Pancasila)09.00вЂ“15.30 Jam buka dapat berbedaо…Ќ | Selasa09.00вЂ“15.30о…Ќ | Rabu09.00вЂ“15.30о…Ќ | Kamis09.00вЂ“15.30о…Ќ | Jumat09.00вЂ“15.00о…Ќ | Sabtu10.00вЂ“14.00о…Ќ | MingguTutupо…Ќ,https://tse2.mm.bing.net/th/id/OIP.5W-GP_ZxZl4-zNjAr5nuiAHaEZ?rs=1&pid=ImgDetMain&o=7&rm=3 | https://cdn.idntimes.com/content-images/community/2022/10/img20221030080818-8ecf63e1fa6b5c8c5e9ac43034bc86d3-9cf3554f7a951bd42849920c21e81d31.jpg | https://tse2.mm.bing.net/th/id/OIP.wATSeViiCh1DgvkD6Mq8EgHaEK?rs=1&pid=ImgDetMain&o=7&rm=3 ,https://www.google.com/maps/place/Balai+Pemuda+Surabaya/data=!4m7!3m6!1s0x2dd7f9617fe40b67:0x987ff0249bb2e08a!8m2!3d-7.263978!4d112.7453038!16s%2Fg%2F1pzr1w7sd!19sChIJZwvkf2H51y0RiuCymyTwf5g?authuser=0&hl=id&rclk=1
Sanggar Tari Rumah Ilmu,"Jl Klakahrejo, Lor Gg. Kalikundang No.50, RT.06/RW.09, Kandangan, Kec. Benowo, Surabaya, Jawa Timur 60198",0812-3089-6309,"-7,2485906","11,2647846",,,https://tse2.mm.bing.net/th/id/OIP.W-7PTghWYykQw39oixb0BgHaFE?rs=1&pid=ImgDetMain&o=7&rm=3 | https://i.pinimg.com/736x/ce/81/52/ce81525513275c4c411937d953a56a01.jpg | https://i.pinimg.com/736x/7e/fe/85/7efe85c7d191d04022511863ad333099.jpg ,https://www.google.com/maps/place/Sanggar+Tari+Rumah+Ilmu/data=!4m7!3m6!1s0x2dd7ff004c7acd95:0x11f3386763c5b6e2!8m2!3d-7.2485906!4d112.647846!16s%2Fg%2F11ltjml903!19sChIJlc16TAD_1y0R4rbFY2c48xE?authuser=0&hl=id&rclk=1
Sanggar Seni Gumlegar,"Jl. Abdul Rachman 151 BLK, RT.01 RW.01 Dusun Alas Tipis, Desa Pabean, Kec. Sedati, Kab. Sidoarjo, Dalas Tipis, Pabean, Kec. Sedati, Kabupaten Sidoarjo, Jawa Timur 61253",0813-3202-0668,"-7,3660209","11,2746466",Event Organizer (EO),Senin (Hari Lahir Pancasila) 	 08.00вЂ“22.00 Jam buka dapat berbeda 	 о…Ќ | Selasa 	 08.00вЂ“22.00 	 о…Ќ | Rabu 	 08.00вЂ“22.00 	 о…Ќ | Kamis 	 08.00вЂ“22.00 	 о…Ќ | Jumat 	 08.00вЂ“22.00 	 о…Ќ | Sabtu 	 08.00вЂ“22.00 	 о…Ќ | Minggu 	 13.00вЂ“22.00 	 о…Ќ,https://i.pinimg.com/736x/b3/c0/09/b3c009d861cf6f16aef0ea4f4e51819a.jpg | https://i.pinimg.com/736x/ac/dc/45/acdc4555fe93c5bfe0d0c7ce2a580f29.jpg | https://i.pinimg.com/736x/71/85/4c/71854cf3692affc051a40db60abca951.jpg ,https://www.google.com/maps/place/Sanggar+Seni+Gumlegar/data=!4m7!3m6!1s0x2dd7e53f90d1e49d:0x6c2035cb469c2e67!8m2!3d-7.3660209!4d112.746466!16s%2Fg%2F11qzcphlsh!19sChIJneTRkD_l1y0RZy6cRss1IGw?authuser=0&hl=id&rclk=1
Sanggar Senam Bugar,"Sari ll, Jalan Manukan Jl. Raya Manukan Wetan No.12 Blok 3 F, Manukan Kulon, Kec. Tandes, Surabaya, Jawa Timur 60185",0822-4443-7569,"-7,2646107","112,6658351",,Senin (Hari Lahir Pancasila)          07.00вЂ“08.00 Jam buka dapat berbeda          о…Ќ | Selasa          Tutup          о…Ќ | Rabu          07.00вЂ“08.00          о…Ќ | Kamis          Tutup          о…Ќ | Jumat          Tutup          о…Ќ | Sabtu          Tutup          о…Ќ | Minggu          Tutup          о…Ќ,https://i.pinimg.com/736x/0c/87/60/0c87609b6f9bc22ab15b0b2f61eb8212.jpg | https://i.pinimg.com/736x/98/dd/51/98dd51b0da08c7f2e38505955ec01678.jpg | https://i.pinimg.com/736x/32/89/1a/32891a9f79cf70bcd9c4de608f6ff2f6.jpg ,https://www.google.com/maps/place/Sanggar+Senam+Bugar/data=!4m7!3m6!1s0x2dd7ff255b5ee0e7:0x4ffb6c2190ef52bd!8m2!3d-7.2646107!4d112.6658351!16s%2Fg%2F11g0g63skh!19sChIJ5-BeWyX_1y0RvVLvkCFs-08?authuser=0&hl=id&rclk=1
Bima Putra,"QQ9C+W2H, Jl. Tanah Merah III, Tanah Kali Kedinding, Kec. Kenjeran, Surabaya, Jawa Timur 60129",0877-3306-700,"-7,2301822","112,7701035",,Senin (Hari Lahir Pancasila) 	 09.00вЂ“21.00 Jam buka dapat berbeda 	 о…Ќ | Selasa 	 09.00вЂ“21.00 	 о…Ќ | Rabu 	 09.00вЂ“21.00 	 о…Ќ | Kamis 	 09.00вЂ“21.00 	 о…Ќ | Jumat 	 09.00вЂ“21.00 	 о…Ќ | Sabtu 	 09.00вЂ“21.00 	 о…Ќ | Minggu 	 09.00вЂ“21.00 	 о…Ќ,https://i.pinimg.com/736x/42/e1/40/42e1409fcb0879c265d3d8c95b1f664e.jpg | https://i.pinimg.com/736x/68/9c/f3/689cf3df3bb7f6d6e251e295acb956ee.jpg |  https://i.pinimg.com/736x/20/12/e8/2012e8a5887475320deadff5f7d4be4d.jpg ,https://www.google.com/maps/place/Bima+Putra/data=!4m7!3m6!1s0x2dd7f9ac1e379ecb:0x5b3b76559b8840de!8m2!3d-7.2301822!4d112.7701035!16s%2Fg%2F11b6cb3bqx!19sChIJy543Hqz51y0R3kCIm1V2O1s?authuser=0&hl=id&rclk=1
Hp seken sby barat,"Jl. Tambak Pring Tim. Gg. Ps., Asem Rowo, Kec. Asem Rowo, Surabaya, Jawa Timur 60182",0878-2277-4441,"-7,2498947","112,7066089",Kelas tari hip hop,Senin (Hari Lahir Pancasila)          Buka 24 jam Jam buka dapat berbeda          о…Ќ | Selasa          Buka 24 jam          о…Ќ | Rabu          Buka 24 jam          о…Ќ | Kamis          Buka 24 jam          о…Ќ | Jumat          Buka 24 jam          о…Ќ | Sabtu          Buka 24 jam          о…Ќ | Minggu          Buka 24 jam          о…Ќ,https://i.pinimg.com/736x/6c/5a/7c/6c5a7c9fff4ba7d0dc7a8bc69a2570a7.jpg | https://i.pinimg.com/736x/23/84/ba/2384ba078f355d743155d07db2ee83bc.jpg | https://i.pinimg.com/736x/ee/1f/fc/ee1ffcd194919eaf83333c78bee2c255.jpg ,https://www.google.com/maps/place/Hp+seken+sby+barat/data=!4m7!3m6!1s0x2dd7ff0a669ebde3:0x4e451b37ae44b853!8m2!3d-7.2498947!4d112.7066089!16s%2Fg%2F11frm6n66s!19sChIJ472eZgr_1y0RU7hErjcbRU4?authuser=0&hl=id&rclk=1
Sanggar Sekar Adi Wiromo,"perum graha angkasa RRI blok f 12, Balongpoh, Kedungrejo, Kec. Waru, Kabupaten Sidoarjo, Jawa Timur 61256",0815-5403-4724,"-7,3524108","112,7366826",,Senin (Hari Lahir Pancasila) 	 Buka 24 jam Jam buka dapat berbeda 	 о…Ќ | Selasa 	 Buka 24 jam 	 о…Ќ | Rabu 	 Buka 24 jam 	 о…Ќ | Kamis 	 Buka 24 jam 	 о…Ќ | Jumat 	 Buka 24 jam 	 о…Ќ | Sabtu 	 Buka 24 jam 	 о…Ќ | Minggu 	 Buka 24 jam 	 о…Ќ,https://tse4.mm.bing.net/th/id/OIP.rr5vxRdCY6SA2PjUgiAgkwHaIo?rs=1&pid=ImgDetMain&o=7&rm=3 | https://i.ytimg.com/vi/61KdqqC7-iA/maxresdefault.jpg?sqp=-oaymwEmCIAKENAF8quKqQMa8AEB-AHUBoAC4AOKAgwIABABGHIgSSg6MA8=&rs=AOn4CLD96dzc_s50Z_Jwmu4WlTwRIyEKhQ | https://i.pinimg.com/736x/f8/94/48/f89448c3f16335d96cc9510bdefee5d5.jpg ,https://www.google.com/maps/place/Sanggar+Sekar+Adi+Wiromo/data=!4m7!3m6!1s0x2dd7e4b5d050db55:0x4ebd9ba7fc330b91!8m2!3d-7.3524108!4d112.7366826!16s%2Fg%2F11g9nfjbxv!19sChIJVdtQ0LXk1y0RkQsz_KebvU4?authuser=0&hl=id&rclk=1
"Sanggar Rias & Busana "" BU SUFIE ""","Jl. Kendangsari Gg. Lebar No.134, Kendangsari, Kec. Tenggilis Mejoyo, Surabaya, Jawa Timur 60292",0813-3033-7300,"-7,3230594","11,2752295",,,https://th.bing.com/th/id/OIP.EzgCj8lplbiPDyR_1ppqxwHaJJ?o=7rm=3&rs=1&pid=ImgDetMain&o=7&rm=3 | https://tse1.mm.bing.net/th/id/OIP.7ywXK_Huuow-VSit8nRBiAAAAA?rs=1&pid=ImgDetMain&o=7&rm=3 | https://i.pinimg.com/736x/ec/2a/54/ec2a54b09555ea11317be8b476a83144.jpg ,https://www.google.com/maps/place/Sanggar+Rias+%26+Busana+%22+BU+SUFIE+%22/data=!4m7!3m6!1s0x2dd7fb200880d34d:0x90d2d73fa7818ec4!8m2!3d-7.3230594!4d112.752295!16s%2Fg%2F11gh6db32x!19sChIJTdOACCD71y0RxI6Bpz_X0pA?authuser=0&hl=id&rclk=1
Harmony,"Ruko Raya Panjang Jiwo Permai, Jl. Raya Panjang Jiwo Permai Blok A-8 No. 1A/11, Panjang Jiwo, Kec. Tenggilis Mejoyo, Surabaya, Jawa Timur 60299",(031) 84997499,"-7,3101397","112,7679853",,Senin (Hari Lahir Pancasila) 	 09.00вЂ“19.00 Jam buka dapat berbeda 	 о…Ќ | Selasa 	 09.00вЂ“19.00 	 о…Ќ | Rabu 	 09.00вЂ“19.00 	 о…Ќ | Kamis 	 09.00вЂ“19.00 	 о…Ќ | Jumat 	 09.00вЂ“19.00 	 о…Ќ | Sabtu 	 09.00вЂ“14.00 	 о…Ќ | Minggu 	 Tutup 	 о…Ќ,https://i.pinimg.com/736x/53/19/f3/5319f3d6578c54579f47e1830a777e0f.jpg | https://i.pinimg.com/736x/55/04/f0/5504f07aa056bd772b134693e3fe8531.jpg | https://i.pinimg.com/736x/b7/c3/b6/b7c3b6a09e125858e8a2c1c25f803361.jpg ,https://www.google.com/maps/place/Harmony/data=!4m7!3m6!1s0x2dd7fafebaeb9199:0xa9daaf84722785f0!8m2!3d-7.3101397!4d112.7679853!16s%2Fg%2F11b77hh3_v!19sChIJmZHruv761y0R8IUncoSv2qk?authuser=0&hl=id&rclk=1
B'beat Music & Traditional Dance,"Perum. Jade Hamlet, Ivory II, Blk. B No.34, Bandut, Drancang, Kec. Menganti, Kabupaten Gresik, Jawa Timur 61174",0838-3128-2724,"-7,2777208","112,5897387",,Senin (Hari Lahir Pancasila) 	 09.00вЂ“18.00 Jam buka dapat berbeda 	 о…Ќ | Selasa 	 09.00вЂ“18.00 	 о…Ќ | Rabu 	 09.00вЂ“18.00 	 о…Ќ | Kamis 	 09.00вЂ“18.00 	 о…Ќ | Jumat 	 13.00вЂ“18.00 	 о…Ќ | Sabtu 	 09.00вЂ“18.00 	 о…Ќ | Minggu 	 09.00вЂ“18.00 	 о…Ќ,https://tse3.mm.bing.net/th/id/OIP.vPnB8jZldPkGVnAiRpwFdwHaE8?rs=1&pid=ImgDetMain&o=7&rm=3 | https://4.bp.blogspot.com/-l2QmEf14Sj4/WEoyW8M47II/AAAAAAAADH4/3-dBdTBSghookYIwEq52mLprot_elg7AACLcB/s1600/Tari%2BGolek%2BMenak.jpg | https://i.pinimg.com/originals/47/45/2f/47452f862cca9c41bb62744027580448.jpg ,https://www.google.com/maps/place/B%27beat+Music+%26+Traditional+Dance/data=!4m7!3m6!1s0x2e78071d2d73bc75:0xdf91293afb141890!8m2!3d-7.2777208!4d112.5897387!16s%2Fg%2F11fpjp5_nk!19sChIJdbxzLR0HeC4RkBgU-zopkd8?authuser=0&hl=id&rclk=1
Sanggar Senam Ayu,"JPHC+RJH, Jl. Beringin 1, RT.8/RW.1, Dusun Bangah Barat, Bangah, Kec. Gedangan, Kabupaten Sidoarjo, Jawa Timur 61254",0812-3597-3542,"-7,3704374","112,7216054",,Senin (Hari Lahir Pancasila) 	 19.00вЂ“20.00 Jam buka dapat berbeda 	 о…Ќ | Selasa 	 Tutup 	 о…Ќ | Rabu 	 19.00вЂ“20.00 	 о…Ќ | Kamis 	 Tutup 	 о…Ќ | Jumat 	 19.00вЂ“20.00 	 о…Ќ | Sabtu 	 Tutup 	 о…Ќ | Minggu 	 Tutup 	 о…Ќ,https://i.pinimg.com/736x/48/ce/e6/48cee62adfacd5473a313a8c231e5fed.jpg | https://i.pinimg.com/736x/d5/dd/27/d5dd27a897a5a8e3e529b93e28628028.jpg | https://i.pinimg.com/736x/fd/47/89/fd47894b6388dd7117108683e7e9205a.jpg ,https://www.google.com/maps/place/Sanggar+Senam+Ayu/data=!4m7!3m6!1s0x2dd7e510160e0327:0x6a4f53dbac69c1d!8m2!3d-7.3704374!4d112.7216054!16s%2Fg%2F11g24nqsr6!19sChIJJwMOFhDl1y0RHZzGuj31pAY?authuser=0&hl=id&rclk=1
YOERRY'S School Of Talent CITO,"City of Tomorrow, Lantai Dasar, Blok.GS/35 No.01 - 05, Jl. Ahmad Yani No.288, Dukuh Menanggal, Kec. Gayungan, Surabaya, Jawa Timur 60234",0822-3459-1006,"-7,3453009","11,2727689",,Senin (Hari Lahir Pancasila) 	 Tutup Jam buka dapat berbeda 	 о…Ќ | Selasa 	 12.00вЂ“20.00 	 о…Ќ | Rabu 	 12.00вЂ“20.00 	 о…Ќ | Kamis 	 12.00вЂ“20.00 	 о…Ќ | Jumat 	 12.00вЂ“20.00 	 о…Ќ | Sabtu 	 12.00вЂ“20.00 	 о…Ќ | Minggu 	 12.00вЂ“20.00 	 о…Ќ,https://th.bing.com/th/id/OIP.ZVHCSQMk1VVqgkk-SfwnWgHaHa?o=7rm=3&rs=1&pid=ImgDetMain&o=7&rm=3 | https://beritajatim.com/wp-content/uploads/2023/05/Surabaya-Got-Talent.webp | https://mili.id/content/uploads/uleg_surabaya.jpg ,https://www.google.com/maps/place/YOERRY%27S+School+Of+Talent+CITO/data=!4m7!3m6!1s0x2dd7f910e8a4ff09:0x1e50c3fea5195354!8m2!3d-7.3453009!4d112.727689!16s%2Fg%2F11bxdd755j!19sChIJCf-k6BD51y0RVFMZpf7DUB4?authuser=0&hl=id&rclk=1
Sanggar Umaseni,"Gg. Goa Pesantren V, RT.14/RW.3, Sidopurno 1, Sidokepung, Kec. Buduran, Kabupaten Sidoarjo, Jawa Timur 61252",,"-7,4156675","11,2708258",,Senin (Hari Lahir Pancasila) 	 Buka 24 jam Jam buka dapat berbeda 	 о…Ќ | Selasa 	 Buka 24 jam 	 о…Ќ | Rabu 	 Buka 24 jam 	 о…Ќ | Kamis 	 Buka 24 jam 	 о…Ќ | Jumat 	 Buka 24 jam 	 о…Ќ | Sabtu 	 Buka 24 jam 	 о…Ќ | Minggu 	 Buka 24 jam 	 о…Ќ,https://i.ytimg.com/vi/L_cML87xk_E/maxresdefault.jpg | https://blogger.googleusercontent.com/img/b/R29vZ2xl/AVvXsEg1onUT7YKGArtaDIkwSAdEq3f6R2tPxVrlHPq00ETyf93b0Y1gSuMZBMLaUJ95hKVRur9ZLrF-cTlAQWogp9CjMWoYldGISjrFJ0Nefwmt7IHQ64MSL8RSWWs7NcqVY4FR_MKKqF2QDs3dnz5NJnepPIeaGrtfO7DAIRaM99HIsOc9FrqRIAZu6HvQ5UHT/w1200-h630-p-k-no-nu/sanggar%20umaseni.png | https://i.ytimg.com/vi/hB6vqz1noqs/maxresdefault.jpg ,https://www.google.com/maps/place/Sanggar+Umaseni/data=!4m7!3m6!1s0x2dd7e3e564a589d5:0xc3c7b4d9565dfda2!8m2!3d-7.4156675!4d112.708258!16s%2Fg%2F11rt_31z3c!19sChIJ1YmlZOXj1y0Rov1dVtm0x8M?authuser=0&hl=id&rclk=1
Sanggar Senam Sherina,"Cemandi, Kec. Sedati, Kabupaten Sidoarjo, Jawa Timur 61253",0813-3243-8003,"-7,3935967","112,7830889",,Senin (Hari Lahir Pancasila) 	 18.30вЂ“19.30 Jam buka dapat berbeda 	 о…Ќ | Selasa 	 Tutup 	 о…Ќ | Rabu 	 18.30вЂ“19.30 	 о…Ќ | Kamis 	 Tutup 	 о…Ќ | Jumat 	 18.30вЂ“19.30 	 о…Ќ | Sabtu 	 09.00вЂ“17.00 	 о…Ќ | Minggu 	 09.00вЂ“17.00 	 о…Ќ,https://asset-2.tstatic.net/jabar/foto/bank/images/Sanggar-Senam-Rucita-Lembang-By-Zin-Nenk.jpg | https://img.antaranews.com/cache/730x487/2021/10/17/IMG20211017154440_copy_800x534.jpg | ,https://www.google.com/maps/place/Sanggar+Senam+Sherina/data=!4m7!3m6!1s0x2dd7e522f68513ad:0xbd3a1d9d191feb70!8m2!3d-7.3935967!4d112.7830889!16s%2Fg%2F11frtghjlc!19sChIJrROF9iLl1y0RcOsfGZ0dOr0?authuser=0&hl=id&rclk=1
Sekolah Modelling Safira,"Jl. Raya Pancawarna No.11d ab27, Mulung, Kec. Driyorejo, Kabupaten Gresik, Jawa Timur 61177",0819-3102-0084,"-7,3399172","112,6399441",,,https://tse4.mm.bing.net/th/id/OIP.rlxw7N980NS84JU0iArxnAHaFj?rs=1&pid=ImgDetMain&o=7&rm=3 | https://tse3.mm.bing.net/th/id/OIP.DEeHM2Hsr2JqENfI7q1O6gHaHG?rs=1&pid=ImgDetMain&o=7&rm=3 | https://tse2.mm.bing.net/th/id/OIP.RSMiPYJ2jtQu6c0X-HWvDAHaE7?rs=1&pid=ImgDetMain&o=7&rm=3 ,https://www.google.com/maps/place/Sekolah+Modelling+Safira/data=!4m7!3m6!1s0x2dd7fd7126e9491f:0xe637c4d59dc2187c!8m2!3d-7.3399172!4d112.6399441!16s%2Fg%2F11g4cj0kq8!19sChIJH0npJnH91y0RfBjCndXEN-Y?authuser=0&hl=id&rclk=1
Sanggar Tari Bima Sakti,,0821-4000-6537,"-7,2756194","112,7126838",,Senin (Hari Lahir Pancasila) 	 Tutup Jam buka dapat berbeda 	 о…Ќ | Selasa 	 Tutup 	 о…Ќ | Rabu 	 Tutup 	 о…Ќ | Kamis 	 Tutup 	 о…Ќ | Jumat 	 15.00вЂ“18.00 	 о…Ќ | Sabtu 	 15.00вЂ“18.00 	 о…Ќ | Minggu 	 Tutup 	 о…Ќ,https://i.ytimg.com/vi/y96T6a2M_4Q/maxresdefault.jpg?sqp=-oaymwEmCIAKENAF8quKqQMa8AEB-AH-CYAC0AWKAgwIABABGGUgVChDMA8=&rs=AOn4CLD7fYNz0YOZl2zz9sip1hdYis07nw | https://i.ytimg.com/vi/H-WpvoCnPRE/maxresdefault.jpg?sqp=-oaymwEmCIAKENAF8quKqQMa8AEB-AHUBoAC4AOKAgwIABABGH8gOihCMA8=&rs=AOn4CLC7wULpjHIf-VdxlGMxzF9hFWl8cA | https://i.ytimg.com/vi/jr24rm5fAgA/maxresdefault.jpg ,https://www.google.com/maps/place/Sanggar+Tari+Bima+Sakti/data=!4m7!3m6!1s0x6e762b6461a08ae5:0x6221e9e54e39fcd1!8m2!3d-7.2756194!4d112.7126838!16s%2Fg%2F11ydnc_ns4!19sChIJ5YqgYWQrdm4R0fw5TuXpIWI?authuser=0&hl=id&rclk=1